arm,sigma,seed,chip,trial,auc,pauc,auc_id1,auc_id2,auc_id3,auc_id4,run_name
C1,0.0,0,0,0,0.7275596667483459,0.6242612857185846,0.778961038961039,0.7811428571428574,0.5934986522911051,0.7566361185983828,
C2,0.0,0,0,0,0.6709127052193089,0.5022850866445703,0.6788961038961039,0.7390727762803234,0.6063288409703504,0.6593530997304582,
C2,0.0,0,1,0,0.6260847627215551,0.5198646809992391,0.6698484848484849,0.6616495956873315,0.5334878706199461,0.6393530997304582,
C2,0.0,0,2,0,0.633708986767949,0.5180367836400607,0.691525974025974,0.6777789757412399,0.5365822102425876,0.6289487870619946,
C2,0.0,0,3,0,0.6305919709221596,0.5198679051831981,0.6446320346320346,0.6875148247978436,0.5178760107816711,0.672345013477089,
C2,0.0,0,4,0,0.65794773544066,0.5684281995726882,0.6731709956709957,0.7371967654986523,0.5421347708894879,0.679288409703504,
C2,0.0,0,5,0,0.6337931777342154,0.5411594487935103,0.6436255411255412,0.6915902964959568,0.5418652291105122,0.6580916442048517,
C2,0.0,0,6,0,0.6260112717471208,0.524576987064574,0.649090909090909,0.6727439353099731,0.5040215633423181,0.678188679245283,
C2,0.0,0,7,0,0.6533649636526995,0.5885573173929678,0.6811471861471861,0.7018544474393531,0.5139407008086253,0.7165175202156333,
C2,0.0,0,8,0,0.6379768745405537,0.5259334549925414,0.6612012987012987,0.6923989218328841,0.5241509433962264,0.6741563342318059,
C2,0.0,0,9,0,0.6381209875030629,0.5355177179655829,0.6796753246753245,0.6998274932614555,0.5401832884097035,0.6327978436657682,
C2,0.01,0,0,0,0.6644212611288083,0.5072040091652803,0.6636796536796536,0.7448517520215634,0.5984366576819407,0.6507169811320754,
C2,0.01,0,1,0,0.6136713836477987,0.5235930735930736,0.643095238095238,0.6765390835579514,0.5145876010781671,0.6204636118598383,
C2,0.01,0,2,0,0.6469108470146206,0.5086760640881793,0.6854978354978356,0.6932938005390836,0.5705768194070081,0.6382749326145553,
C2,0.01,0,3,0,0.6237840500694274,0.5221830842113862,0.6596645021645021,0.6445283018867924,0.5204204851752022,0.670522911051213,
C2,0.01,0,4,0,0.654411122682349,0.575211828886109,0.6729329004329004,0.7275148247978436,0.5260377358490566,0.6911590296495957,
C2,0.01,0,5,0,0.6440835375316507,0.5369655377723899,0.6742640692640693,0.704377358490566,0.5379407008086254,0.6597520215633423,
C2,0.01,0,6,0,0.6395193171608267,0.5213928904594247,0.6361904761904762,0.6751374663072777,0.5486469002695418,0.6981024258760108,
C2,0.01,0,7,0,0.6243848321489831,0.5491166810680217,0.6764935064935065,0.6935633423180593,0.48550943396226415,0.6419730458221024,
C2,0.01,0,8,0,0.6659178305970759,0.5266995211012092,0.6900432900432901,0.6999460916442048,0.5779730458221024,0.6957088948787062,
C2,0.01,0,9,0,0.6358990443518745,0.5286502598692271,0.6729870129870129,0.6854878706199461,0.5513746630727763,0.6337466307277628,
C2,0.02,0,0,0,0.6558054092134281,0.5138516316520289,0.6708766233766233,0.7111266846361186,0.5653261455525607,0.6758921832884097,
C2,0.02,0,1,0,0.657250867842849,0.5329273548364909,0.7116341991341992,0.731633423180593,0.5219622641509434,0.6637735849056604,
C2,0.02,0,2,0,0.6536809503389692,0.5259511342679167,0.7218073593073593,0.7229865229110513,0.5715687331536388,0.5983611859838275,
C2,0.02,0,3,0,0.6106753553050723,0.531890188593267,0.6187337662337662,0.6535956873315364,0.4696711590296496,0.7007008086253369,
C2,0.02,0,4,0,0.6231244078248795,0.5546463715033725,0.6490151515151514,0.6700161725067385,0.5331752021563343,0.6402911051212938,
C2,0.02,0,5,0,0.6454976823490974,0.5477549469729213,0.64754329004329,0.6696603773584906,0.5581239892183288,0.7066630727762803,
C2,0.02,0,6,0,0.6323841174548721,0.5257942239819102,0.6671645021645022,0.6697142857142857,0.49419946091644196,0.6984582210242587,
C2,0.02,0,7,0,0.6049330331618068,0.5733392228426986,0.6261580086580087,0.6966684636118599,0.4880754716981132,0.6088301886792453,
C2,0.02,0,8,0,0.5971014457240873,0.5096888340061131,0.6532467532467533,0.7043126684636118,0.48615633423180593,0.5446900269541779,
C2,0.02,0,9,0,0.6472537368292085,0.54054078162817,0.7261038961038961,0.7291105121293799,0.5437735849056604,0.5900269541778975,
C2,0.03,0,0,0,0.6875264947316834,0.5197986927008774,0.729512987012987,0.7838274932614555,0.5331105121293801,0.7036549865229111,
C2,0.03,0,1,0,0.6440065037164093,0.5325569498359964,0.6811796536796536,0.749423180592992,0.5271698113207548,0.6182533692722372,
C2,0.03,0,2,0,0.6137443743363555,0.5290507572533392,0.657608225108225,0.6730134770889488,0.5435795148247978,0.5807762803234502,
C2,0.03,0,3,0,0.5924571285632606,0.5229954173598662,0.6588419913419913,0.6500485175202158,0.5350296495956873,0.5259083557951483,
C2,0.03,0,4,0,0.664238197337254,0.5501777062725424,0.7267748917748917,0.7153099730458221,0.5275902964959569,0.6872776280323449,
C2,0.03,0,5,0,0.6374353201829617,0.5469347145737414,0.6728679653679653,0.734177897574124,0.4993746630727763,0.6433207547169811,
C2,0.03,0,6,0,0.5998261557624766,0.5234502422436882,0.6185822510822512,0.6761509433962265,0.46158490566037735,0.6429865229110512,
C2,0.03,0,7,0,0.6735864065180103,0.5669601748797379,0.6415909090909091,0.7899083557951483,0.5186307277628033,0.7442156334231805,
C2,0.03,0,8,0,0.5766472371967655,0.5318491339841886,0.5889285714285715,0.5973477088948786,0.4995579514824798,0.620754716981132,
C2,0.03,0,9,0,0.6085523360287511,0.5468540562383661,0.6426190476190476,0.6644312668463612,0.5035256064690027,0.623633423180593,
C2,0.05,0,0,0,0.7011341480846198,0.5267470778146052,0.7507683982683983,0.6775956873315364,0.6233962264150944,0.7527762803234501,
C2,0.05,0,1,0,0.6430430756350568,0.532547384756918,0.7242316017316017,0.6844043126684636,0.5764636118598383,0.5870727762803235,
C2,0.05,0,2,0,0.6698780323450135,0.5462426434869334,0.5992857142857143,0.8099838274932615,0.7442803234501347,0.5259622641509435,
C2,0.05,0,3,0,0.6140790655884996,0.5363660545016056,0.5952380952380952,0.6297035040431267,0.5295309973045822,0.7018436657681941,
C2,0.05,0,4,0,0.6052428020093115,0.5769094154769427,0.7116558441558443,0.5684636118598383,0.4760431266846361,0.6648086253369272,
C2,0.05,0,5,0,0.6234177591276647,0.5474276385646792,0.6256818181818181,0.7638921832884097,0.42777358490566036,0.6763234501347708,
C2,0.05,0,6,0,0.6864556991750388,0.5502689506785833,0.6744696969696969,0.6774878706199461,0.7011105121293801,0.6927547169811321,
C2,0.05,0,7,0,0.6062108449726376,0.5485827562044047,0.6892099567099568,0.6312021563342319,0.49854447439353106,0.6058867924528302,
C2,0.05,0,8,0,0.6277923201012824,0.55132793389993,0.6598593073593073,0.7103611859838276,0.5575309973045821,0.5834177897574124,
C2,0.05,0,9,0,0.6401240913174876,0.5228835381764875,0.662965367965368,0.7151590296495957,0.5506738544474394,0.6316981132075471,
C2,0.1,0,0,0,0.5535143857714613,0.5355176642291836,0.539534632034632,0.38999460916442047,0.51855525606469,0.7659730458221023,
C2,0.1,0,1,0,0.5594884117454872,0.49582924936698525,0.5748593073593073,0.49256064690026957,0.4805067385444744,0.6900269541778976,
C2,0.1,0,2,0,0.5625354590378175,0.5048907109110684,0.6218722943722944,0.6529272237196764,0.39267924528301884,0.5826630727762803,
C2,0.1,0,3,0,0.6050348872825287,0.4995505487561098,0.6569805194805195,0.48008625336927224,0.6076549865229111,0.6754177897574124,
C2,0.1,0,4,0,0.5757974658988809,0.5254673454648628,0.6824567099567099,0.5442695417789757,0.7245929919137466,0.3518706199460917,
C2,0.1,0,5,0,0.5141726598872826,0.4991039992777828,0.5458766233766233,0.4965390835579515,0.46860377358490557,0.5456711590296496,
C2,0.1,0,6,0,0.48492973535898065,0.5234377753990465,0.5198051948051947,0.6218975741239892,0.4868032345013477,0.31121293800539085,
C2,0.1,0,7,0,0.560925927060361,0.49004511708086684,0.6357683982683983,0.6212722371967655,0.41980592991913745,0.566857142857143,
C2,0.1,0,8,0,0.5285844564240791,0.5044756509627413,0.48523809523809525,0.48997304582210244,0.6322264150943396,0.506900269541779,
C2,0.1,0,9,0,0.5316818181818181,0.5324057893447168,0.5427272727272727,0.6778328840970351,0.46949865229110505,0.43666846361185985,
C1,0.0,1,0,0,0.7147897063628196,0.6205316034511665,0.7513744588744589,0.7977897574123989,0.590932614555256,0.7190619946091644,
C2,0.0,1,0,0,0.6957677244139508,0.6070506454816287,0.6823593073593074,0.78766576819407,0.6226738544474394,0.6903719676549864,
C2,0.0,1,1,0,0.58357132647227,0.5484423429929886,0.5256060606060606,0.6106522911051213,0.5588140161725068,0.6392129380053908,
C2,0.0,1,2,0,0.7039967430368375,0.6339000911369332,0.7136904761904763,0.794188679245283,0.5717843665768194,0.7363234501347709,
C2,0.0,1,3,0,0.6256774585477416,0.5855619967586203,0.5352489177489177,0.6267708894878706,0.6132614555256064,0.7274285714285713,
C2,0.0,1,4,0,0.49694221187617416,0.5054066340809141,0.4987445887445887,0.5533800539083558,0.4981132075471698,0.4375309973045822,
C2,0.0,1,5,0,0.6223832394021074,0.568997482987056,0.5605194805194804,0.6794501347708896,0.5748571428571428,0.6747061994609165,
C2,0.0,1,6,0,0.55509854610798,0.5158780850066849,0.4758874458874459,0.5169487870619945,0.6118814016172507,0.6156765498652291,
C2,0.0,1,7,0,0.6552026464101937,0.5436824264778584,0.6348051948051948,0.6947816711590297,0.5614986522911052,0.7297250673854447,
C2,0.0,1,8,0,0.6644483174058645,0.569678215693608,0.5866450216450216,0.7259622641509433,0.5940269541778975,0.7511590296495957,
C2,0.0,1,9,0,0.6543483316997468,0.589791642485287,0.6520887445887446,0.7533584905660379,0.6807762803234501,0.5311698113207547,
C2,0.01,1,0,0,0.7122611798578781,0.5993836434998302,0.8082792207792209,0.7544690026954178,0.6564528301886793,0.6298436657681941,
C2,0.01,1,1,0,0.5794821122273952,0.5230920891422381,0.46246753246753247,0.5912991913746631,0.6236226415094339,0.6405390835579515,
C2,0.01,1,2,0,0.6920511210487625,0.586049117218432,0.7399025974025975,0.7866091644204852,0.4367762803234501,0.8049164420485175,
C2,0.01,1,3,0,0.5980888262680715,0.5216020325255678,0.46844155844155844,0.6540053908355795,0.5439676549865229,0.7259407008086253,
C2,0.01,1,4,0,0.499809983255738,0.5087493068004488,0.4157251082251082,0.523277628032345,0.5292291105121294,0.5310080862533693,
C2,0.01,1,5,0,0.5598885485583599,0.5356983260036885,0.6161471861471861,0.6287439353099731,0.5597843665768194,0.43487870619946084,
C2,0.01,1,6,0,0.43148352119578537,0.4880195772449992,0.32396103896103895,0.38627493261455526,0.3842371967654987,0.6314609164420485,
C2,0.01,1,7,0,0.626641917830597,0.5975814858759247,0.7604329004329005,0.5997735849056604,0.6906091644204853,0.45575202156334227,
C2,0.01,1,8,0,0.6255603099730458,0.5506901365764325,0.4996428571428571,0.8090134770889489,0.6496172506738545,0.5439676549865229,
C2,0.01,1,9,0,0.4578654537286613,0.5317782019370898,0.4030952380952381,0.752345013477089,0.35348787061994613,0.322533692722372,
C2,0.02,1,0,0,0.4527672649677366,0.47645056036317207,0.4275865800865801,0.5160646900269541,0.47074932614555254,0.3966684636118598,
C2,0.02,1,1,0,0.5561659723923874,0.512261732805427,0.5559307359307359,0.5539407008086253,0.705164420485175,0.4096280323450135,
C2,0.02,1,2,0,0.5550051457975986,0.5173653473305906,0.5311688311688312,0.8476873315363882,0.35656064690026956,0.48460377358490564,
C2,0.02,1,3,0,0.5188823919790901,0.5163884733274009,0.4496212121212121,0.5019946091644205,0.4575525606469002,0.6663611859838274,
C2,0.02,1,4,0,0.5583000490075962,0.6271918002553554,0.5266233766233767,0.7382533692722372,0.4783072776280324,0.49001617250673857,
C2,0.02,1,5,0,0.6649275708568162,0.5682967066035587,0.28608225108225105,0.8234609164420486,0.7122371967654987,0.8379299191374664,
C2,0.02,1,6,0,0.3793380401045495,0.5079872171853304,0.5183225108225108,0.3876765498652291,0.2630619946091644,0.3482911051212938,
C2,0.02,1,7,0,0.5631480335702034,0.5392112356362604,0.5197727272727273,0.8293153638814017,0.43293800539083555,0.47056603773584904,
C2,0.02,1,8,0,0.6092443539165238,0.595521017380501,0.7647294372294373,0.8019838274932615,0.3348032345013477,0.5354609164420485,
C2,0.02,1,9,0,0.6792278649023932,0.5879845411126443,0.3558225108225108,0.918199460916442,0.7909757412398922,0.6519137466307278,
C2,0.03,1,0,0,0.46554024748836065,0.5136756986806639,0.4269480519480519,0.3662102425876011,0.512700808625337,0.5563018867924528,
C2,0.03,1,1,0,0.6105353365188271,0.552326194990048,0.6188852813852814,0.7237843665768193,0.526878706199461,0.5725929919137467,
C2,0.03,1,2,0,0.5381754267744834,0.5500922116612285,0.5116666666666667,0.6591590296495957,0.18422641509433962,0.7976495956873315,
C2,0.03,1,3,0,0.4760597586375888,0.5117731077264345,0.5919155844155843,0.29283018867924526,0.43744474393530997,0.5820485175202157,
C2,0.03,1,4,0,0.4872686841460426,0.5284047919971455,0.5733766233766233,0.5578436657681941,0.47674393530997305,0.34111051212938004,
C2,0.03,1,5,0,0.410848158131177,0.4744360902255639,0.19904761904761906,0.36134770889487866,0.7030619946091645,0.3799353099730458,
C2,0.03,1,6,0,0.3109831127991506,0.4963399063696978,0.21067099567099565,0.2766792452830189,0.1605714285714286,0.5960107816711591,
C2,0.03,1,7,0,0.6795117822429143,0.6230993972925453,0.6167748917748918,0.6578436657681941,0.6909757412398922,0.7524528301886793,
C2,0.03,1,8,0,0.4739594360042473,0.4806355511420059,0.5398593073593074,0.5434393530997303,0.48900269541778973,0.3235363881401617,
C2,0.03,1,9,0,0.5353792064853385,0.5468685113297824,0.5762445887445887,0.6051536388140162,0.3786307277628032,0.581487870619946,
C2,0.05,1,0,0,0.49338442375234826,0.5053703082749755,0.27034632034632033,0.4200539083557951,0.7172722371967656,0.5658652291105121,
C2,0.05,1,1,0,0.48274760066977046,0.5339906369697829,0.6438852813852813,0.2916118598382749,0.5412183288409704,0.45427493261455526,
C2,0.05,1,2,0,0.45731538430123336,0.48138743084125407,0.38287878787878793,0.47869541778975744,0.3550727762803234,0.6126145552560647,
C2,0.05,1,3,0,0.6262121722617007,0.5921407291814441,0.3877597402597403,0.9136603773584906,0.5682695417789757,0.6351590296495957,
C2,0.05,1,4,0,0.43010179286122685,0.5098655192870685,0.5221861471861473,0.3729056603773585,0.4587385444743935,0.36657681940700804,
C2,0.05,1,5,0,0.4558022543494241,0.5224996453397646,0.4275324675324675,0.3773800539083558,0.4112991913746631,0.6069973045822102,
C2,0.05,1,6,0,0.5422524095401453,0.5749059613011946,0.29326839826839823,0.7515795148247979,0.5419622641509434,0.582199460916442,
C2,0.05,1,7,0,0.5871016805521523,0.5186267555681657,0.6506385281385282,0.6434824797843666,0.6131752021563341,0.44111051212938,
C2,0.05,1,8,0,0.5513760720411665,0.5447581217193928,0.3700649350649351,0.6899191374663073,0.594900269541779,0.5506199460916442,
C2,0.05,1,9,0,0.6473305460263007,0.5695134061569017,0.4189502164502164,0.9103180592991913,0.6307708894878706,0.6292830188679246,
C2,0.1,1,0,0,0.4782714306134117,0.5090200845166089,0.5962878787878788,0.5158490566037736,0.2976603773584905,0.503288409703504,
C2,0.1,1,1,0,0.505338795638324,0.5793444266756084,0.5562662337662339,0.38449595687331534,0.49091105121293804,0.5896819407008086,
C2,0.1,1,2,0,0.3729478987993139,0.5093346573982125,0.2790584415584415,0.5969164420485176,0.2937035040431267,0.32211320754716977,
C2,0.1,1,3,0,0.4525140386343217,0.5038218939286466,0.42773809523809525,0.6415309973045823,0.30904582210242587,0.4317412398921833,
C2,0.1,1,4,0,0.5295188475046966,0.5583912611717974,0.3928354978354978,0.48183288409703506,0.5334447439353099,0.7099622641509434,
C2,0.1,1,5,0,0.4789516458384383,0.5118071228672023,0.5373160173160173,0.4054986522911051,0.5553315363881401,0.41766037735849054,
C2,0.1,1,6,0,0.6334595585232378,0.6349411264009079,0.40998917748917746,0.7807115902964961,0.6711698113207546,0.6719676549865229,
C2,0.1,1,7,0,0.4345754716981132,0.47369845067213484,0.47571428571428565,0.302522911051213,0.474177897574124,0.48588679245283023,
C2,0.1,1,8,0,0.4450409009229764,0.48531840966051487,0.48906926406926404,0.4067708894878706,0.5047115902964959,0.37961185983827495,
C2,0.1,1,9,0,0.556301243567753,0.5421052631578948,0.7450324675324675,0.7291536388140161,0.2582641509433962,0.49275471698113205,
C1,0.0,2,0,0,0.738087917585559,0.6179442495604363,0.7503354978354979,0.8058760107816711,0.6273854447439353,0.768754716981132,
C2,0.0,2,0,0,0.7233421240708976,0.5625994123387371,0.7369372294372295,0.7942857142857142,0.6184474393530998,0.7436981132075472,
C2,0.0,2,1,0,0.733451278281467,0.5816411741188305,0.7240692640692641,0.8012075471698114,0.655288409703504,0.7532398921832885,
C2,0.0,2,2,0,0.7510254022706853,0.5703480399110985,0.7297835497835496,0.787266846361186,0.6620592991913746,0.8249919137466306,
C2,0.0,2,3,0,0.7816124418034796,0.6037213531255239,0.760616883116883,0.8064797843665769,0.710900269541779,0.8484528301886793,
C2,0.0,2,4,0,0.7452022022788531,0.5635160478382921,0.7386201298701298,0.8029002695417788,0.6616495956873315,0.7776388140161725,
C2,0.0,2,5,0,0.7349025259331864,0.5729007875606684,0.7195346320346321,0.7801940700808626,0.6293261455525606,0.8105552560646901,
C2,0.0,2,6,0,0.6929758127093033,0.5408158582562753,0.7057900432900432,0.7378975741239893,0.5881725067385445,0.7400431266846361,
C2,0.0,2,7,0,0.7662231070815977,0.598310850023859,0.7850649350649351,0.8211536388140162,0.6851428571428573,0.7735309973045823,
C2,0.0,2,8,0,0.7207437515314874,0.5382087831069956,0.7198051948051948,0.7643665768194072,0.6363234501347709,0.7624797843665768,
C2,0.0,2,9,0,0.7669470922159601,0.5857356190648147,0.7439177489177489,0.8036226415094339,0.6963234501347708,0.823924528301887,
C2,0.01,2,0,0,0.7204591194968554,0.5748969335861094,0.7066666666666668,0.8379083557951481,0.6261024258760108,0.7111590296495957,
C2,0.01,2,1,0,0.7134271522502655,0.5595710438188095,0.698495670995671,0.75166576819407,0.6777142857142858,0.725832884097035,
C2,0.01,2,2,0,0.7236394980805357,0.5695801467648538,0.7292965367965367,0.7672021563342317,0.6180808625336928,0.779978436657682,
C2,0.01,2,3,0,0.7734380053908355,0.6068298426168337,0.7614285714285713,0.801843665768194,0.6649595687331536,0.8655202156334232,
C2,0.01,2,4,0,0.7407955055950339,0.5570072802073796,0.7118073593073594,0.7997520215633425,0.6476765498652292,0.8039460916442047,
C2,0.01,2,5,0,0.7353419505023279,0.5800419788751467,0.7024675324675324,0.7643018867924529,0.6768086253369272,0.797789757412399,
C2,0.01,2,6,0,0.6867409335947071,0.5478836993856855,0.7053896103896105,0.7037628032345014,0.5947385444743934,0.7430727762803234,
C2,0.01,2,7,0,0.739884525851507,0.5914433919275031,0.7690259740259741,0.8233530997304582,0.653099730458221,0.7140592991913748,
C2,0.01,2,8,0,0.7321209160336519,0.55913255480038,0.7281709956709956,0.7805498652291105,0.6318598382749326,0.7879029649595688,
C2,0.01,2,9,0,0.7649708200604427,0.5991322108874244,0.7376406926406927,0.831967654986523,0.6469218328840971,0.8433530997304582,
C2,0.02,2,0,0,0.6971999101527404,0.5693588065360657,0.7233333333333334,0.7834716981132075,0.5802371967654987,0.7017574123989216,
C2,0.02,2,1,0,0.7377119782732989,0.588264722698685,0.7346969696969696,0.7506738544474393,0.6313962264150943,0.8340808625336926,
C2,0.02,2,2,0,0.7159616311361594,0.5677152787629451,0.6621861471861472,0.711277628032345,0.6998059299191374,0.7905768194070081,
C2,0.02,2,3,0,0.7161349546679735,0.5870990189882941,0.6459090909090908,0.7594070080862534,0.6210673854447439,0.8381563342318059,
C2,0.02,2,4,0,0.7604036796536796,0.5620914958923897,0.7136147186147186,0.8481509433962264,0.6860700808625337,0.7937789757412398,
C2,0.02,2,5,0,0.6798624622233114,0.5552850823456583,0.7542099567099568,0.6633854447439353,0.5551805929919138,0.7466738544474394,
C2,0.02,2,6,0,0.6634030670587274,0.555169387877928,0.7158225108225108,0.7629541778975741,0.5401725067385444,0.6346630727762803,
C2,0.02,2,7,0,0.69504628154864,0.5777531306826242,0.720487012987013,0.8332075471698113,0.49385444743935303,0.7326361185983827,
C2,0.02,2,8,0,0.7264298272482235,0.5504772866987366,0.7441883116883117,0.7327978436657682,0.698609164420485,0.7301239892183289,
C2,0.02,2,9,0,0.740730008984726,0.5796296057467855,0.6795238095238094,0.8489056603773585,0.5965714285714285,0.8379191374663073,
C2,0.03,2,0,0,0.7512215858041329,0.6286792775248584,0.780595238095238,0.8165714285714287,0.6296172506738543,0.7781024258760108,
C2,0.03,2,1,0,0.7450279547496528,0.5669070295808131,0.6524891774891775,0.7234285714285714,0.7554501347708894,0.848743935309973,
C2,0.03,2,2,0,0.7317413215715103,0.5726666043324434,0.7343722943722943,0.690490566037736,0.7482587601078168,0.753843665768194,
C2,0.03,2,3,0,0.7721602650494159,0.6005367191563815,0.7670238095238094,0.7740485175202156,0.6751698113207547,0.872398921832884,
C2,0.03,2,4,0,0.7130224618149147,0.5912574102494659,0.6295238095238095,0.788366576819407,0.741477088948787,0.6927223719676551,
C2,0.03,2,5,0,0.7274376276239484,0.6163662801944828,0.6238852813852813,0.836010781671159,0.6284420485175202,0.8214123989218329,
C2,0.03,2,6,0,0.7055431266846361,0.5603153466857538,0.7628571428571428,0.7775741239892184,0.6130134770889488,0.6687277628032345,
C2,0.03,2,7,0,0.6740089438863024,0.5898488180141606,0.8009090909090909,0.6426307277628032,0.4411212938005391,0.8113746630727763,
C2,0.03,2,8,0,0.7251490647717063,0.5753072109948972,0.7265800865800865,0.7692075471698113,0.6600970350404314,0.744711590296496,
C2,0.03,2,9,0,0.6917771379563833,0.5818374731855367,0.6923376623376624,0.6951698113207547,0.5858544474393531,0.793746630727763,
C2,0.05,2,0,0,0.6871757024422118,0.5829853364113543,0.7462445887445888,0.6081940700808626,0.6138867924528302,0.780377358490566,
C2,0.05,2,1,0,0.7166786531078984,0.5707619713950399,0.5422294372294372,0.8470727762803234,0.7260808625336926,0.7513315363881403,
C2,0.05,2,2,0,0.7278783182226578,0.6191418726920217,0.5567316017316016,0.7820161725067385,0.6938544474393531,0.878911051212938,
C2,0.05,2,3,0,0.5895410030221351,0.549488429478499,0.5934632034632035,0.7202264150943397,0.5498760107816711,0.4945983827493261,
C2,0.05,2,4,0,0.6992987319284489,0.5656632468822141,0.7166558441558442,0.5293153638814017,0.750900269541779,0.8003234501347709,
C2,0.05,2,5,0,0.683099567099567,0.5601950308876823,0.5398268398268398,0.5887654986522911,0.7670619946091645,0.836743935309973,
C2,0.05,2,6,0,0.5954870742465082,0.5100731029976313,0.5877272727272728,0.5862641509433961,0.5829649595687331,0.6249919137466308,
C2,0.05,2,7,0,0.5635549803969615,0.5034338633891762,0.5768506493506493,0.6435148247978437,0.5026199460916442,0.5312345013477089,
C2,0.05,2,8,0,0.5456301662174304,0.4828062867288289,0.5622619047619049,0.5959137466307278,0.5355256064690027,0.48881940700808624,
C2,0.05,2,9,0,0.6960313954913011,0.5855343762493712,0.6818506493506494,0.7482371967654986,0.6532398921832884,0.7007978436657682,
C2,0.1,2,0,0,0.45909399248550187,0.5052893812576037,0.46248917748917745,0.5107385444743935,0.36521832884097033,0.4979299191374663,
C2,0.1,2,1,0,0.6315121702197174,0.5598473563840992,0.5914718614718615,0.6629326145552561,0.7264797843665768,0.5451644204851752,
C2,0.1,2,2,0,0.7199888507718697,0.5600333917985358,0.6767532467532467,0.7199460916442049,0.8708247978436657,0.6124312668463612,
C2,0.1,2,3,0,0.5707966286857796,0.5156580881878796,0.42728354978354977,0.7231698113207548,0.4344043126684636,0.6983288409703505,
C2,0.1,2,4,0,0.6583906211712816,0.5657430991715997,0.6597727272727272,0.6298975741239893,0.7261563342318059,0.6177358490566037,
C2,0.1,2,5,0,0.5003797884505432,0.493392948494736,0.6597186147186147,0.42724528301886794,0.4293692722371968,0.48518598382749323,
C2,0.1,2,6,0,0.5409868189986113,0.5495866058800518,0.8688852813852813,0.584366576819407,0.3024797843665768,0.40821563342318057,
C2,0.1,2,7,0,0.6153524360859266,0.5536154386824694,0.6592965367965368,0.5133692722371967,0.5783935309973046,0.7103504043126684,
C2,0.1,2,8,0,0.41863074818263496,0.5056883740225349,0.2885930735930735,0.6037196765498652,0.45805929919137467,0.3241509433962264,
C2,0.1,2,9,0,0.5604561382014213,0.5233993538735345,0.732077922077922,0.5738760107816712,0.5860269541778976,0.34984366576819403,
C1,0.0,3,0,0,0.6974477150208283,0.61207258067983,0.7402922077922078,0.7860485175202155,0.5703288409703504,0.6931212938005392,
C2,0.0,3,0,0,0.7664126235399821,0.6596997424951745,0.6545238095238095,0.822576819407008,0.6783180592991913,0.9102318059299191,
C2,0.0,3,1,0,0.7585846810422281,0.612662230189539,0.7083333333333333,0.8237520215633424,0.6337681940700809,0.8684851752021562,
C2,0.0,3,2,0,0.7521649718206322,0.6711022302755172,0.6634415584415585,0.7772398921832884,0.7071159029649596,0.8608625336927224,
C2,0.0,3,3,0,0.7547104161561708,0.6479633367294737,0.7101839826839828,0.7894447439353101,0.6774231805929919,0.8417897574123988,
C2,0.0,3,4,0,0.7933252777097117,0.677815894797027,0.7105086580086579,0.8523773584905661,0.7398598382749325,0.8705552560646901,
C2,0.0,3,5,0,0.6856358735604018,0.5764884445246907,0.594025974025974,0.7181563342318059,0.6160215633423181,0.8143396226415094,
C2,0.0,3,6,0,0.7359532283753982,0.6369769298890451,0.6647077922077923,0.7611752021563343,0.704679245283019,0.8132506738544474,
C2,0.0,3,7,0,0.800395307522666,0.6746935950510926,0.7418831168831168,0.8475471698113208,0.7064582210242587,0.9056927223719677,
C2,0.0,3,8,0,0.6707711447357674,0.5037298434766161,0.67741341991342,0.7099191374663072,0.5955687331536388,0.7001832884097035,
C2,0.0,3,9,0,0.7501790206648697,0.6470331596572907,0.6869047619047619,0.7882587601078167,0.6740269541778975,0.8515256064690027,
C2,0.01,3,0,0,0.7259403740913174,0.5874819445698294,0.6110822510822511,0.8013477088948787,0.6194393530997304,0.8718921832884097,
C2,0.01,3,1,0,0.6699632340929511,0.531896959379581,0.6467424242424243,0.8011752021563342,0.4586846361185984,0.7732506738544476,
C2,0.01,3,2,0,0.738106193334967,0.64805888004746,0.6154220779220779,0.7562371967654988,0.707644204851752,0.8731212938005392,
C2,0.01,3,3,0,0.6726156170873152,0.6005898107189069,0.7154112554112553,0.5844851752021563,0.5667277628032344,0.8238382749326146,
C2,0.01,3,4,0,0.8028934391080617,0.6759523164687018,0.738474025974026,0.7923665768194069,0.744355795148248,0.936377358490566,
C2,0.01,3,5,0,0.6502522666013233,0.5648723008206623,0.5616883116883117,0.7086900269541779,0.5326145552560647,0.7980161725067385,
C2,0.01,3,6,0,0.7243973290860084,0.6011344291259882,0.624025974025974,0.8517951482479783,0.5986091644204852,0.8231590296495959,
C2,0.01,3,7,0,0.7996666972964143,0.6622286311834475,0.8038419913419913,0.83566576819407,0.6858436657681941,0.8733153638814016,
C2,0.01,3,8,0,0.7126619292657028,0.5247732861312802,0.7616450216450217,0.7465876010781671,0.5688625336927224,0.7735525606469001,
C2,0.01,3,9,0,0.7168654230989138,0.6325335207658942,0.6116341991341991,0.7356657681940701,0.6341886792452831,0.8859730458221025,
C2,0.02,3,0,0,0.6637077922077922,0.6182119643018352,0.5731168831168831,0.8324528301886791,0.3928301886792453,0.8564312668463612,
C2,0.02,3,1,0,0.7323480764518501,0.5904913978771973,0.7432467532467533,0.5385768194070081,0.7354177897574123,0.9121509433962264,
C2,0.02,3,2,0,0.6553145572980479,0.5957829285907738,0.5362878787878788,0.5539407008086253,0.7019083557951482,0.8291212938005391,
C2,0.02,3,3,0,0.7417281609899535,0.5938839379752985,0.740422077922078,0.782177897574124,0.6819514824797843,0.7623611859838275,
C2,0.02,3,4,0,0.6788039696152904,0.5733546451893026,0.5922077922077922,0.6787816711590297,0.621078167115903,0.8231482479784367,
C2,0.02,3,5,0,0.5426636139018215,0.5086720875946298,0.5662878787878788,0.4954177897574124,0.4726361185983827,0.6363126684636118,
C2,0.02,3,6,0,0.5533013762966593,0.5197510285146829,0.6223160173160174,0.6084420485175203,0.35601078167115907,0.6264366576819407,
C2,0.02,3,7,0,0.8243029792534509,0.6430902513573815,0.815443722943723,0.8588894878706199,0.7766576819407008,0.84622102425876,
C2,0.02,3,8,0,0.6461051417136323,0.516818955622332,0.6143073593073594,0.7523773584905662,0.6495202156334232,0.5682156334231806,
C2,0.02,3,9,0,0.680197500612595,0.5422061801158127,0.6607792207792207,0.7235471698113207,0.6464582210242588,0.6900053908355795,
C2,0.03,3,0,0,0.5614597831413869,0.4933655429310841,0.5787987012987013,0.5666954177897574,0.3881832884097035,0.7121617250673854,
C2,0.03,3,1,0,0.6863480662419341,0.550492923990938,0.5203787878787878,0.7309973045822102,0.7261671159029649,0.7678490566037736,
C2,0.03,3,2,0,0.6803613187127338,0.5844545970414888,0.6429978354978356,0.652711590296496,0.7688301886792451,0.6569056603773584,
C2,0.03,3,3,0,0.6648373560401862,0.5894145204348779,0.6133116883116883,0.5804636118598383,0.788733153638814,0.6768409703504044,
C2,0.03,3,4,0,0.7234302458547741,0.5907566407442277,0.7046320346320347,0.7237088948787062,0.8059407008086252,0.6594393530997305,
C2,0.03,3,5,0,0.60168230825778,0.5435647974997528,0.4575324675324675,0.6549973045822102,0.5642264150943397,0.7299730458221025,
C2,0.03,3,6,0,0.47401239483786656,0.4961270564920019,0.38456709956709956,0.40077628032345014,0.5954824797843665,0.5152237196765499,
C2,0.03,3,7,0,0.7513055623621661,0.6210961043259952,0.7296103896103897,0.7889164420485175,0.7830080862533693,0.7036873315363882,
C2,0.03,3,8,0,0.4701646348934085,0.4901668300253206,0.5916558441558442,0.6674716981132076,0.32435579514824797,0.29717520215633425,
C2,0.03,3,9,0,0.6634081209670831,0.5688744803690187,0.5926082251082251,0.49687331536388135,0.7054447439353099,0.8587061994609163,
C2,0.05,3,0,0,0.5312363289226497,0.4819505345697004,0.49622294372294373,0.5281293800539083,0.47334770889487876,0.6272452830188681,
C2,0.05,3,1,0,0.6657424752920037,0.5269977581174204,0.7098809523809524,0.5544258760107817,0.73088948787062,0.6677735849056605,
C2,0.05,3,2,0,0.6626219370252389,0.5762424392886161,0.5963961038961039,0.7415094339622641,0.5081509433962264,0.8044312668463612,
C2,0.05,3,3,0,0.5642320101282365,0.5140862447714483,0.6030735930735931,0.5774339622641509,0.47777897574123984,0.5986415094339621,
C2,0.05,3,4,0,0.6768549375153149,0.5734062321326472,0.6690909090909091,0.7740269541778976,0.6762048517520216,0.5880970350404313,
C2,0.05,3,5,0,0.6391140447602712,0.5836220590068654,0.5266017316017315,0.6392021563342318,0.7235256064690028,0.6671266846361186,
C2,0.05,3,6,0,0.5356088377031774,0.4885198093862443,0.46251082251082254,0.5270188679245283,0.5114824797843666,0.6414231805929919,
C2,0.05,3,7,0,0.6284324920362656,0.5524156660949114,0.38415584415584414,0.7890566037735849,0.5981132075471698,0.7424043126684636,
C2,0.05,3,8,0,0.5331026811239076,0.507167199731748,0.3859848484848485,0.5596226415094341,0.6395363881401617,0.547266846361186,
C2,0.05,3,9,0,0.7001475537041575,0.5944666017530963,0.764978354978355,0.6127008086253369,0.7641185983827493,0.6587924528301886,
C2,0.1,3,0,0,0.5616872600669771,0.5321191593907582,0.3999242424242424,0.6537789757412399,0.5001509433962265,0.6928948787061995,
C2,0.1,3,1,0,0.6505135179286122,0.5260781671159029,0.6243290043290043,0.6318382749326146,0.5451212938005391,0.8007654986522911,
C2,0.1,3,2,0,0.5676370374908111,0.5792605978926733,0.7266883116883116,0.5643881401617251,0.24184366576819408,0.7376280323450135,
C2,0.1,3,3,0,0.6153137711345259,0.5417846717995675,0.526883116883117,0.49954716981132075,0.7845175202156335,0.6503072776280324,
C2,0.1,3,4,0,0.5454885751041412,0.5411734202573328,0.6893181818181818,0.6889595687331536,0.5230619946091644,0.28061455525606466,
C2,0.1,3,5,0,0.5254348403169158,0.5326296014478735,0.2923593073593074,0.7757843665768195,0.4659083557951483,0.5676873315363882,
C2,0.1,3,6,0,0.5612544413134035,0.49677017371903176,0.4039935064935065,0.40393530997304583,0.7754393530997304,0.6616495956873314,
C2,0.1,3,7,0,0.5344587825696316,0.4996542062703929,0.4577380952380952,0.3817897574123989,0.5689811320754716,0.7293261455525607,
C2,0.1,3,8,0,0.6307004206485338,0.5638995107838206,0.48530303030303024,0.8331644204851752,0.6896495956873314,0.5146846361185984,
C2,0.1,3,9,0,0.46301724454790494,0.4926176397253855,0.5639935064935065,0.5512776280323449,0.20899191374663073,0.5278059299191374,
C3,0.0,0,0,0,0.703643571836968,0.5965549594397658,0.7421861471861472,0.781099730458221,0.5808409703504043,0.7104474393530997,noise_hwa_s0_stefix_seed0
C3,0.0,0,1,0,0.7063210916442049,0.6036811045624353,0.7460714285714286,0.7873207547169814,0.5863396226415094,0.7055525606469003,noise_hwa_s0_stefix_seed0
C3,0.0,0,2,0,0.7121114003920608,0.6047614211343109,0.7523701298701299,0.7878921832884098,0.5935741239892183,0.714609164420485,noise_hwa_s0_stefix_seed0
C3,0.0,0,3,0,0.7074775892346646,0.6005724538619276,0.7519588744588744,0.782199460916442,0.5833692722371967,0.7123827493261455,noise_hwa_s0_stefix_seed0
C3,0.0,0,4,0,0.7266611533120967,0.6111480996659745,0.7579653679653681,0.7967978436657681,0.6082156334231806,0.7436657681940702,noise_hwa_s0_stefix_seed0
C3,0.0,0,5,0,0.7115152434043943,0.6029446472097912,0.7490151515151516,0.7816388140161725,0.5909757412398922,0.7244312668463612,noise_hwa_s0_stefix_seed0
C3,0.0,0,6,0,0.7025546945193171,0.5910490742293125,0.7365476190476191,0.7729919137466308,0.5758706199460916,0.7248086253369272,noise_hwa_s0_stefix_seed0
C3,0.0,0,7,0,0.7148614208118925,0.6006000206347774,0.7502489177489177,0.785067385444744,0.5921725067385445,0.731956873315364,noise_hwa_s0_stefix_seed0
C3,0.0,0,8,0,0.7026613881401617,0.5961574712940154,0.7410714285714285,0.7755902964959569,0.5783611859838276,0.7156226415094339,noise_hwa_s0_stefix_seed0
C3,0.0,0,9,0,0.6917938515886629,0.59465365815912,0.7386255411255411,0.7711590296495957,0.5627061994609165,0.6946846361185983,noise_hwa_s0_stefix_seed0
C4,0.0,0,0,0,0.7193905292820387,0.594496694136714,0.7425324675324675,0.7951051212938006,0.6192452830188679,0.7206792452830189,noise_hwa_s0_stefix_seed0
C4,0.0,0,1,0,0.7298919688801764,0.6059928981974663,0.7483441558441558,0.7881185983827492,0.6146738544474393,0.7684312668463613,noise_hwa_s0_stefix_seed0
C4,0.0,0,2,0,0.7132342358898963,0.6049025866553176,0.7511471861471861,0.7828355795148247,0.5912345013477089,0.7277196765498654,noise_hwa_s0_stefix_seed0
C4,0.0,0,3,0,0.7146643694355959,0.6005094748019276,0.7499458874458873,0.7922264150943397,0.5778652291105122,0.7386199460916443,noise_hwa_s0_stefix_seed0
C4,0.0,0,4,0,0.7317829984480927,0.6100247402382457,0.7599783549783548,0.7992398921832884,0.5993099730458221,0.7686037735849057,noise_hwa_s0_stefix_seed0
C4,0.0,0,5,0,0.6989109491137793,0.5924085513956417,0.7427489177489177,0.775622641509434,0.5729056603773585,0.704366576819407,noise_hwa_s0_stefix_seed0
C4,0.0,0,6,0,0.7155046761414686,0.5914780519050629,0.7035281385281386,0.7708679245283018,0.6133153638814015,0.7743072776280323,noise_hwa_s0_stefix_seed0
C4,0.0,0,7,0,0.6993005799232213,0.6000692124823208,0.7643290043290043,0.80288948787062,0.4992129380053908,0.7307708894878704,noise_hwa_s0_stefix_seed0
C4,0.0,0,8,0,0.7146265723270441,0.6002464351272694,0.7527380952380952,0.7820916442048518,0.5986415094339622,0.7250350404312669,noise_hwa_s0_stefix_seed0
C4,0.0,0,9,0,0.7013718553459118,0.5973318265646965,0.7427380952380953,0.7884204851752022,0.5344150943396226,0.7399137466307277,noise_hwa_s0_stefix_seed0
C3,0.0,1,0,0,0.7688282794249776,0.6390765722195713,0.7979761904761905,0.8165498652291105,0.6413045822102427,0.8194824797843666,noise_hwa_s0_stefix_seed1
C3,0.0,1,1,0,0.7622131932532876,0.6314628767458956,0.7916991341991342,0.8126469002695418,0.6283126684636118,0.8161940700808626,noise_hwa_s0_stefix_seed1
C3,0.0,1,2,0,0.7664675120477007,0.6337478559176672,0.7927056277056277,0.8164959568733153,0.6360646900269542,0.8206037735849058,noise_hwa_s0_stefix_seed1
C3,0.0,1,3,0,0.753105090664053,0.6306988526204018,0.7856818181818183,0.810167115902965,0.6179191374663073,0.7986522911051214,noise_hwa_s0_stefix_seed1
C3,0.0,1,4,0,0.7615211141060197,0.6277323346960885,0.7895238095238095,0.8136172506738545,0.6304043126684636,0.8125390835579515,noise_hwa_s0_stefix_seed1
C3,0.0,1,5,0,0.7682077411582129,0.6392744296418575,0.7916341991341991,0.820690026954178,0.6469433962264151,0.8135633423180593,noise_hwa_s0_stefix_seed1
C3,0.0,1,6,0,0.734542340521114,0.5985972650322203,0.7691666666666667,0.7854231805929919,0.593132075471698,0.7904474393530998,noise_hwa_s0_stefix_seed1
C3,0.0,1,7,0,0.7365677121620517,0.6130136662410745,0.7703463203463204,0.7964743935309972,0.6049487870619946,0.7745013477088949,noise_hwa_s0_stefix_seed1
C3,0.0,1,8,0,0.7507120701625419,0.6144140905436833,0.7776515151515151,0.8048086253369273,0.6201725067385444,0.8002156334231807,noise_hwa_s0_stefix_seed1
C3,0.0,1,9,0,0.7731272666013231,0.6356371739812653,0.7949025974025974,0.8189973045822103,0.6477088948787062,0.8309002695417791,noise_hwa_s0_stefix_seed1
C4,0.0,1,0,0,0.7740657110185412,0.6445099132909461,0.7953679653679654,0.8257574123989218,0.6410458221024259,0.8340916442048518,noise_hwa_s0_stefix_seed1
C4,0.0,1,1,0,0.7700822408723352,0.6342058512490489,0.8128896103896104,0.8205606469002696,0.6241832884097035,0.8226954177897573,noise_hwa_s0_stefix_seed1
C4,0.0,1,2,0,0.7787751266029568,0.6386795139650154,0.8130627705627704,0.8291536388140162,0.6337035040431266,0.8391805929919138,noise_hwa_s0_stefix_seed1
C4,0.0,1,3,0,0.7644510230335703,0.633775745108913,0.7895129870129871,0.818975741239892,0.635967654986523,0.8133477088948786,noise_hwa_s0_stefix_seed1
C4,0.0,1,4,0,0.7694492465082088,0.6325764024125493,0.7990584415584416,0.8275040431266846,0.6272884097035041,0.8239460916442048,noise_hwa_s0_stefix_seed1
C4,0.0,1,5,0,0.7832738095238094,0.63976149636527,0.8102380952380951,0.830921832884097,0.6628463611859838,0.829088948787062,noise_hwa_s0_stefix_seed1
C4,0.0,1,6,0,0.7281372314792125,0.5928766491700951,0.7597510822510821,0.7885283018867925,0.5922803234501348,0.771989218328841,noise_hwa_s0_stefix_seed1
C4,0.0,1,7,0,0.7309712080372458,0.6143910376283762,0.7723376623376623,0.8013584905660377,0.5799676549865229,0.77022102425876,noise_hwa_s0_stefix_seed1
C4,0.0,1,8,0,0.7508531099403741,0.6152638779624877,0.7728679653679653,0.8026846361185984,0.6249703504043127,0.8028894878706201,noise_hwa_s0_stefix_seed1
C4,0.0,1,9,0,0.7835707445070653,0.640322504374143,0.796417748917749,0.8327331536388141,0.663601078167116,0.8415309973045821,noise_hwa_s0_stefix_seed1
C3,0.0,2,0,0,0.7473929081924365,0.6278128318222659,0.7821969696969697,0.8070188679245284,0.6066522911051212,0.7937035040431267,noise_hwa_s0_stefix_seed2
C3,0.0,2,1,0,0.7450361635220125,0.6267604044416358,0.7783333333333333,0.8057897574123989,0.6002264150943396,0.7957951482479784,noise_hwa_s0_stefix_seed2
C3,0.0,2,2,0,0.7461755288736421,0.6336167928397323,0.7774891774891775,0.8102641509433962,0.6067169811320754,0.7902318059299192,noise_hwa_s0_stefix_seed2
C3,0.0,2,3,0,0.7365276382422608,0.622876498708177,0.7764393939393939,0.8023288409703504,0.5867924528301887,0.7805498652291105,noise_hwa_s0_stefix_seed2
C3,0.0,2,4,0,0.74738884464592,0.6325263738247848,0.7793181818181818,0.8101832884097036,0.6068787061994609,0.7931752021563343,noise_hwa_s0_stefix_seed2
C3,0.0,2,5,0,0.7479492362982929,0.6319133489813729,0.7804761904761903,0.8070188679245284,0.6043773584905661,0.7999245283018869,noise_hwa_s0_stefix_seed2
C3,0.0,2,6,0,0.7364730356121867,0.6242490338195403,0.7757034632034632,0.7992129380053908,0.5897142857142857,0.7812614555256066,noise_hwa_s0_stefix_seed2
C3,0.0,2,7,0,0.7268875786163522,0.6207996943473607,0.7694047619047619,0.795266846361186,0.5775956873315363,0.7652830188679246,noise_hwa_s0_stefix_seed2
C3,0.0,2,8,0,0.7432986910887855,0.6271879312346045,0.7737554112554114,0.8054016172506738,0.5993854447439353,0.7946522911051213,noise_hwa_s0_stefix_seed2
C3,0.0,2,9,0,0.7275126500857633,0.6185320720325685,0.7719805194805195,0.7970026954177897,0.5737681940700808,0.7672991913746632,noise_hwa_s0_stefix_seed2
C4,0.0,2,0,0,0.7258064097851835,0.6190750783476702,0.7405086580086581,0.7959137466307278,0.5777035040431268,0.789099730458221,noise_hwa_s0_stefix_seed2
C4,0.0,2,1,0,0.7384978967573307,0.615861695404893,0.7820562770562771,0.7900592991913746,0.5948463611859838,0.7870296495956873,noise_hwa_s0_stefix_seed2
C4,0.0,2,2,0,0.7269240178060932,0.622988431627955,0.7708874458874458,0.7919460916442047,0.5526469002695418,0.7922156334231805,noise_hwa_s0_stefix_seed2
C4,0.0,2,3,0,0.7454134199134199,0.6191657853897179,0.7953679653679653,0.7829541778975742,0.6025983827493262,0.800733153638814,noise_hwa_s0_stefix_seed2
C4,0.0,2,4,0,0.7219500224618149,0.624664040031468,0.7613095238095238,0.7744690026954177,0.545822102425876,0.8061994609164421,noise_hwa_s0_stefix_seed2
C4,0.0,2,5,0,0.7317865412888998,0.6232207340822038,0.7623051948051949,0.7887654986522912,0.5847331536388141,0.7913423180592991,noise_hwa_s0_stefix_seed2
C4,0.0,2,6,0,0.728894051703014,0.6196932618854167,0.7591233766233767,0.8183935309973046,0.5856172506738544,0.7524420485175202,noise_hwa_s0_stefix_seed2
C4,0.0,2,7,0,0.7196295025728987,0.6119801540730041,0.7472727272727273,0.7984150943396227,0.5615309973045823,0.771299191374663,noise_hwa_s0_stefix_seed2
C4,0.0,2,8,0,0.7262987727681125,0.6170148247978436,0.7424134199134199,0.795654986522911,0.5645929919137467,0.8025336927223721,noise_hwa_s0_stefix_seed2
C4,0.0,2,9,0,0.7187410356938659,0.612478505440273,0.7654978354978355,0.803299191374663,0.5474285714285714,0.7587385444743936,noise_hwa_s0_stefix_seed2
C3,0.0,3,0,0,0.7278456669117047,0.6005882523633268,0.7535497835497835,0.7906415094339623,0.611601078167116,0.7555902964959569,noise_hwa_s0_stefix_seed3
C3,0.0,3,1,0,0.7540517336437148,0.6213991776181449,0.7834090909090909,0.8047762803234502,0.6340485175202157,0.7939730458221024,noise_hwa_s0_stefix_seed3
C3,0.0,3,2,0,0.7580499366985216,0.6162708980856946,0.7786471861471861,0.8032237196765499,0.6454986522911051,0.8048301886792453,noise_hwa_s0_stefix_seed3
C3,0.0,3,3,0,0.7356072960058809,0.6077687249857061,0.7637337662337663,0.7880646900269541,0.6071266846361185,0.7835040431266846,noise_hwa_s0_stefix_seed3
C3,0.0,3,4,0,0.747982908600833,0.6168802688539531,0.7704545454545455,0.7990080862533692,0.6317520215633424,0.7907169811320754,noise_hwa_s0_stefix_seed3
C3,0.0,3,5,0,0.7443418892428326,0.6153904271828801,0.770974025974026,0.80222102425876,0.6265983827493262,0.7775741239892183,noise_hwa_s0_stefix_seed3
C3,0.0,3,6,0,0.6808640447602712,0.5738316094696432,0.7244588744588745,0.750921832884097,0.556010781671159,0.6920646900269541,noise_hwa_s0_stefix_seed3
C3,0.0,3,7,0,0.750515182144899,0.6132680543554425,0.777521645021645,0.7988140161725067,0.6334231805929917,0.7923018867924527,noise_hwa_s0_stefix_seed3
C3,0.0,3,8,0,0.7205927060361021,0.5910060313734593,0.753982683982684,0.7770458221024259,0.5896280323450134,0.7617142857142857,noise_hwa_s0_stefix_seed3
C3,0.0,3,9,0,0.7347708894878706,0.6016193463934277,0.7599999999999999,0.7864690026954178,0.6129164420485176,0.7796981132075471,noise_hwa_s0_stefix_seed3
C4,0.0,3,0,0,0.7422357673772768,0.6048707209705223,0.7613419913419912,0.8039676549865229,0.6077196765498653,0.7959137466307279,noise_hwa_s0_stefix_seed3
C4,0.0,3,1,0,0.7597221167197581,0.6199301319336076,0.7825865800865801,0.8257035040431266,0.6467493261455526,0.7838490566037735,noise_hwa_s0_stefix_seed3
C4,0.0,3,2,0,0.753700655476599,0.6181837526921936,0.7512662337662339,0.8208409703504045,0.6492291105121295,0.793466307277628,noise_hwa_s0_stefix_seed3
C4,0.0,3,3,0,0.7363809728007841,0.6102637060060099,0.740974025974026,0.8021024258760108,0.6093584905660377,0.7930889487870619,noise_hwa_s0_stefix_seed3
C4,0.0,3,4,0,0.7333724373111166,0.6152193842238529,0.729069264069264,0.8243234501347709,0.6113423180592992,0.7687547169811322,noise_hwa_s0_stefix_seed3
C4,0.0,3,5,0,0.7431678510169077,0.6149861145144164,0.7836363636363637,0.7945983827493261,0.620355795148248,0.7740808625336928,noise_hwa_s0_stefix_seed3
C4,0.0,3,6,0,0.6995851915380217,0.5790795599633733,0.7345887445887446,0.7513315363881401,0.586900269541779,0.7255202156334232,noise_hwa_s0_stefix_seed3
C4,0.0,3,7,0,0.737199307767704,0.6120851012608709,0.7384090909090908,0.8149433962264151,0.6303881401617252,0.765056603773585,noise_hwa_s0_stefix_seed3
C4,0.0,3,8,0,0.7183690067793841,0.5915912207620251,0.7482900432900432,0.7741024258760109,0.5754609164420486,0.7756226415094339,noise_hwa_s0_stefix_seed3
C4,0.0,3,9,0,0.7294897288246345,0.6016943086704756,0.761969696969697,0.7756657681940701,0.6043989218328841,0.7759245283018867,noise_hwa_s0_stefix_seed3
C3,0.01,0,0,0,0.7014486134934249,0.5943120558686596,0.7441017316017317,0.7874177897574124,0.5816064690026954,0.6926684636118599,noise_hwa_s0.01_stefix_seed0
C3,0.01,0,1,0,0.7125035938903863,0.6044740926071611,0.7423809523809525,0.7952237196765498,0.5818652291105122,0.730544474393531,noise_hwa_s0.01_stefix_seed0
C3,0.01,0,2,0,0.7302827329902801,0.577759525314143,0.7282683982683982,0.7994285714285715,0.639309973045822,0.7541239892183289,noise_hwa_s0.01_stefix_seed0
C3,0.01,0,3,0,0.7434367342563097,0.6051975726193701,0.7757954545454545,0.7942749326145552,0.6280646900269542,0.775611859838275,noise_hwa_s0.01_stefix_seed0
C3,0.01,0,4,0,0.7278783488524054,0.5906363786825555,0.7310497835497836,0.7976819407008086,0.6480970350404314,0.7346846361185984,noise_hwa_s0.01_stefix_seed0
C3,0.01,0,5,0,0.7167611288082985,0.5968501334812158,0.7382251082251081,0.7980161725067385,0.6002587601078166,0.730544474393531,noise_hwa_s0.01_stefix_seed0
C3,0.01,0,6,0,0.6881785816384873,0.5738571879957184,0.723582251082251,0.7641617250673854,0.5720646900269541,0.6929056603773587,noise_hwa_s0.01_stefix_seed0
C3,0.01,0,7,0,0.7231659213428082,0.5919012260496869,0.7501623376623376,0.7838814016172507,0.620690026954178,0.7379299191374663,noise_hwa_s0.01_stefix_seed0
C3,0.01,0,8,0,0.7002607204116638,0.5812180537106059,0.7220779220779221,0.7701671159029648,0.5916765498652291,0.7171212938005391,noise_hwa_s0.01_stefix_seed0
C3,0.01,0,9,0,0.728351466143919,0.5904007445715489,0.7496969696969698,0.7931212938005392,0.622943396226415,0.747644204851752,noise_hwa_s0.01_stefix_seed0
C4,0.01,0,0,0,0.6903662398921833,0.5957681510809614,0.6996428571428571,0.7779299191374662,0.5881401617250673,0.6957520215633424,noise_hwa_s0.01_stefix_seed0
C4,0.01,0,1,0,0.7093871395899698,0.6037357544805411,0.7417965367965369,0.8133045822102427,0.5719029649595687,0.710544474393531,noise_hwa_s0.01_stefix_seed0
C4,0.01,0,2,0,0.6983877623948379,0.5790834827205235,0.68245670995671,0.7930350404312669,0.6360431266846361,0.6820161725067386,noise_hwa_s0.01_stefix_seed0
C4,0.01,0,3,0,0.726921608265948,0.6003814746987537,0.7511904761904763,0.8190296495956872,0.626145552560647,0.7113207547169811,noise_hwa_s0.01_stefix_seed0
C4,0.01,0,4,0,0.7068411949685536,0.5872832811015531,0.7030952380952382,0.802479784366577,0.6128086253369273,0.7089811320754718,noise_hwa_s0.01_stefix_seed0
C4,0.01,0,5,0,0.7199418443192028,0.5995597914167925,0.7154978354978354,0.8027385444743935,0.6275687331536388,0.7339622641509433,noise_hwa_s0.01_stefix_seed0
C4,0.01,0,6,0,0.6988002940455771,0.5669316945880998,0.6911688311688312,0.7630404312668464,0.6002695417789758,0.740722371967655,noise_hwa_s0.01_stefix_seed0
C4,0.01,0,7,0,0.6986118189986115,0.5850023858961297,0.6999567099567099,0.7913207547169812,0.6063072776280324,0.6968625336927223,noise_hwa_s0.01_stefix_seed0
C4,0.01,0,8,0,0.7101539246916605,0.5772782083854577,0.6945887445887445,0.7966145552560647,0.6013261455525607,0.7480862533692721,noise_hwa_s0.01_stefix_seed0
C4,0.01,0,9,0,0.7308865474148494,0.5953937158505183,0.7311688311688312,0.8241940700808625,0.6454663072776281,0.7227169811320755,noise_hwa_s0.01_stefix_seed0
C3,0.01,1,0,0,0.7088024891774892,0.6009977774625243,0.7420670995670995,0.7885175202156335,0.5790512129380054,0.7255741239892183,noise_hwa_s0.01_stefix_seed1
C3,0.01,1,1,0,0.718566680960549,0.605914980418456,0.7606818181818181,0.7906738544474394,0.5860592991913747,0.7368517520215634,noise_hwa_s0.01_stefix_seed1
C3,0.01,1,2,0,0.7170789124397615,0.6117050774448987,0.7607900432900434,0.798167115902965,0.5843989218328841,0.7249595687331536,noise_hwa_s0.01_stefix_seed1
C3,0.01,1,3,0,0.7199879727191048,0.6000048900123379,0.7586796536796536,0.7769919137466308,0.5709649595687332,0.7733153638814017,noise_hwa_s0.01_stefix_seed1
C3,0.01,1,4,0,0.7286778975741239,0.6074193309173448,0.7642857142857142,0.7936064690026955,0.6041509433962264,0.7526684636118599,noise_hwa_s0.01_stefix_seed1
C3,0.01,1,5,0,0.7292162766478804,0.6112108100439779,0.7663961038961038,0.7929380053908356,0.6094447439353099,0.7480862533692724,noise_hwa_s0.01_stefix_seed1
C3,0.01,1,6,0,0.7094378930817611,0.6024811707656792,0.7555952380952381,0.7822964959568734,0.5591374663072777,0.740722371967655,noise_hwa_s0.01_stefix_seed1
C3,0.01,1,7,0,0.7120911234991423,0.6015042967624894,0.7708766233766233,0.7679568733153639,0.5813477088948787,0.7281832884097035,noise_hwa_s0.01_stefix_seed1
C3,0.01,1,8,0,0.7152339806419994,0.6052920680775696,0.7623051948051948,0.7827816711590296,0.5783719676549866,0.7374770889487869,noise_hwa_s0.01_stefix_seed1
C3,0.01,1,9,0,0.7137845707751367,0.6044956409032873,0.7687878787878788,0.7938760107816711,0.5608301886792453,0.731644204851752,noise_hwa_s0.01_stefix_seed1
C4,0.01,1,0,0,0.7196598056032019,0.6053594535223135,0.7479653679653679,0.813078167115903,0.5664582210242588,0.7511374663072776,noise_hwa_s0.01_stefix_seed1
C4,0.01,1,1,0,0.7064986931307686,0.6018622349183421,0.7514718614718616,0.7874070080862534,0.5537574123989218,0.7333584905660377,noise_hwa_s0.01_stefix_seed1
C4,0.01,1,2,0,0.7414684003103813,0.6274524755284437,0.8250757575757575,0.7906522911051214,0.5938544474393531,0.7562911051212937,noise_hwa_s0.01_stefix_seed1
C4,0.01,1,3,0,0.7304590276076125,0.6004095250991974,0.7437121212121212,0.7956657681940702,0.6038274932614556,0.7786307277628032,noise_hwa_s0.01_stefix_seed1
C4,0.01,1,4,0,0.7067182777913911,0.6004733639415863,0.7699458874458874,0.7729919137466308,0.5248086253369273,0.7591266846361185,noise_hwa_s0.01_stefix_seed1
C4,0.01,1,5,0,0.7348941844319203,0.6154201434117025,0.7706926406926408,0.8111051212938006,0.6051212938005391,0.7526576819407007,noise_hwa_s0.01_stefix_seed1
C4,0.01,1,6,0,0.698833757044842,0.5988636901000357,0.7194967532467531,0.8031159029649595,0.578533692722372,0.694188679245283,noise_hwa_s0.01_stefix_seed1
C4,0.01,1,7,0,0.7135918484031692,0.6017289149116358,0.7502164502164503,0.7722479784366578,0.6005067385444743,0.7313962264150943,noise_hwa_s0.01_stefix_seed1
C4,0.01,1,8,0,0.7235984337989055,0.6051053340899418,0.7771969696969697,0.8051967654986524,0.5861455525606469,0.7258544474393531,noise_hwa_s0.01_stefix_seed1
C4,0.01,1,9,0,0.7466263068692314,0.6146664904112769,0.7638852813852813,0.8136280323450136,0.6354716981132075,0.7735202156334232,noise_hwa_s0.01_stefix_seed1
C3,0.01,2,0,0,0.7041307686024667,0.600076198214232,0.7500432900432901,0.7793423180592991,0.5696927223719677,0.71744474393531,noise_hwa_s0.01_stefix_seed2
C3,0.01,2,1,0,0.7104481132075472,0.6066111892080115,0.7607142857142858,0.7779299191374665,0.5881078167115903,0.7150404312668464,noise_hwa_s0.01_stefix_seed2
C3,0.01,2,2,0,0.702655691007106,0.5994358215435673,0.7464610389610389,0.769423180592992,0.5742964959568734,0.7204420485175203,noise_hwa_s0.01_stefix_seed2
C3,0.01,2,3,0,0.725463397451605,0.6078804429598869,0.765487012987013,0.783644204851752,0.5830404312668463,0.7696819407008086,noise_hwa_s0.01_stefix_seed2
C3,0.01,2,4,0,0.7098455750224618,0.6050194095874335,0.7505952380952382,0.7765390835579514,0.575644204851752,0.7366037735849056,noise_hwa_s0.01_stefix_seed2
C3,0.01,2,5,0,0.7162403005799232,0.6041508144288681,0.7661471861471862,0.7738867924528302,0.5718382749326145,0.753088948787062,noise_hwa_s0.01_stefix_seed2
C3,0.01,2,6,0,0.6946857285795965,0.5966591543180422,0.7468722943722943,0.7638382749326146,0.5544690026954178,0.7135633423180594,noise_hwa_s0.01_stefix_seed2
C3,0.01,2,7,0,0.6880566037735849,0.593595480983763,0.7542857142857142,0.7557304582210242,0.5467277628032345,0.6954824797843665,noise_hwa_s0.01_stefix_seed2
C3,0.01,2,8,0,0.7072778322306623,0.6058605454459476,0.7402164502164502,0.7786522911051212,0.5601509433962264,0.7500916442048517,noise_hwa_s0.01_stefix_seed2
C3,0.01,2,9,0,0.6962448337825697,0.5983439516458384,0.7395238095238097,0.7705983827493261,0.5622102425876011,0.7126469002695418,noise_hwa_s0.01_stefix_seed2
C4,0.01,2,0,0,0.6999103263089113,0.5929839607595317,0.7406601731601732,0.7730512129380054,0.5523234501347709,0.7336064690026954,noise_hwa_s0.01_stefix_seed2
C4,0.01,2,1,0,0.7062721657273544,0.59740711126014,0.745638528138528,0.7793854447439353,0.5704043126684636,0.7296603773584907,noise_hwa_s0.01_stefix_seed2
C4,0.01,2,2,0,0.7157600057175528,0.6062119277610838,0.7684632034632035,0.7783288409703503,0.5953854447439353,0.7208625336927224,noise_hwa_s0.01_stefix_seed2
C4,0.01,2,3,0,0.7172674181164748,0.5991525769827657,0.7520346320346321,0.7866954177897574,0.5730458221024258,0.7572938005390836,noise_hwa_s0.01_stefix_seed2
C4,0.01,2,4,0,0.7168245732255165,0.6046486821685432,0.7626190476190475,0.7756981132075471,0.5598706199460917,0.76911051212938,noise_hwa_s0.01_stefix_seed2
C4,0.01,2,5,0,0.7090883055623622,0.598725050189797,0.7393181818181818,0.7809056603773585,0.5779407008086254,0.738188679245283,noise_hwa_s0.01_stefix_seed2
C4,0.01,2,6,0,0.6995886016499224,0.5974630508518294,0.7396320346320345,0.7813530997304583,0.5577466307277628,0.7196226415094341,noise_hwa_s0.01_stefix_seed2
C4,0.01,2,7,0,0.6928007228620436,0.5969981772613351,0.7459090909090909,0.7704366576819408,0.5519353099730459,0.7029218328840972,noise_hwa_s0.01_stefix_seed2
C4,0.01,2,8,0,0.7157105182553296,0.6099167838120172,0.7645779220779221,0.7777681940700809,0.5379622641509434,0.7825336927223719,noise_hwa_s0.01_stefix_seed2
C4,0.01,2,9,0,0.6940491811647471,0.5935949436197698,0.7235606060606059,0.7826630727762803,0.5449595687331537,0.7250134770889487,noise_hwa_s0.01_stefix_seed2
C3,0.01,3,0,0,0.7105633933676386,0.6069860543296491,0.7400541125541127,0.7937035040431266,0.597099730458221,0.7113962264150944,noise_hwa_s0.01_stefix_seed3
C3,0.01,3,1,0,0.7192952299273054,0.6087347979726331,0.752943722943723,0.7842803234501348,0.60655525606469,0.7334016172506739,noise_hwa_s0.01_stefix_seed3
C3,0.01,3,2,0,0.7232378808298618,0.6130942171036511,0.763582251082251,0.7933477088948786,0.5942749326145552,0.7417466307277627,noise_hwa_s0.01_stefix_seed3
C3,0.01,3,3,0,0.729032038716001,0.6148805224897579,0.7596753246753247,0.8073854447439355,0.6046253369272238,0.7444420485175203,noise_hwa_s0.01_stefix_seed3
C3,0.01,3,4,0,0.7463232969860328,0.6183445319989511,0.7769805194805195,0.8019730458221024,0.6182210242587601,0.7881185983827493,noise_hwa_s0.01_stefix_seed3
C3,0.01,3,5,0,0.7378742546761413,0.6135596817945378,0.7609956709956709,0.8039892183288408,0.6177897574123989,0.7687223719676549,noise_hwa_s0.01_stefix_seed3
C3,0.01,3,6,0,0.7029166870864983,0.5918866634854718,0.7445454545454545,0.7776280323450134,0.5639946091644205,0.7254986522911051,noise_hwa_s0.01_stefix_seed3
C3,0.01,3,7,0,0.7354300824961202,0.6151104605424367,0.7644588744588745,0.7988247978436657,0.6213584905660378,0.7570781671159029,noise_hwa_s0.01_stefix_seed3
C3,0.01,3,8,0,0.731236308502818,0.6105376004333304,0.7647727272727272,0.7943719676549865,0.6052722371967655,0.7605283018867925,noise_hwa_s0.01_stefix_seed3
C3,0.01,3,9,0,0.7156039267336438,0.6079669048263885,0.754448051948052,0.798479784366577,0.5786307277628032,0.7308571428571429,noise_hwa_s0.01_stefix_seed3
C4,0.01,3,0,0,0.7207595054316752,0.6073151897754678,0.776504329004329,0.7963989218328842,0.6113530997304581,0.6987816711590297,noise_hwa_s0.01_stefix_seed3
C4,0.01,3,1,0,0.6982153577554522,0.6027608687241259,0.7511363636363637,0.7721293800539084,0.5542210242587601,0.7153746630727762,noise_hwa_s0.01_stefix_seed3
C4,0.01,3,2,0,0.7200135893980235,0.6089260995542027,0.7686904761904763,0.7824797843665768,0.5801293800539085,0.748754716981132,noise_hwa_s0.01_stefix_seed3
C4,0.01,3,3,0,0.7261699236298294,0.6121421693169459,0.754404761904762,0.8126145552560646,0.5922371967654987,0.745423180592992,noise_hwa_s0.01_stefix_seed3
C4,0.01,3,4,0,0.7294766192926571,0.6160333832007119,0.7795021645021645,0.8008301886792453,0.5544797843665767,0.7830943396226416,noise_hwa_s0.01_stefix_seed3
C4,0.01,3,5,0,0.7404622335211958,0.6033051647128111,0.7899675324675325,0.7849164420485175,0.599309973045822,0.7876549865229111,noise_hwa_s0.01_stefix_seed3
C4,0.01,3,6,0,0.7143172016662582,0.593596663184548,0.7790909090909091,0.7671051212938005,0.5558382749326146,0.755234501347709,noise_hwa_s0.01_stefix_seed3
C4,0.01,3,7,0,0.7279644490729396,0.6109762506609577,0.7423160173160173,0.8124312668463612,0.5811320754716981,0.7759784366576821,noise_hwa_s0.01_stefix_seed3
C4,0.01,3,8,0,0.7246021910479458,0.6066044721580969,0.7468939393939393,0.7982964959568732,0.5922803234501348,0.7609380053908356,noise_hwa_s0.01_stefix_seed3
C4,0.01,3,9,0,0.7096394470309565,0.604146569253322,0.7835281385281387,0.7912345013477091,0.54688948787062,0.7169056603773584,noise_hwa_s0.01_stefix_seed3
C3,0.02,0,0,0,0.6980832210242587,0.5776714513556619,0.7025,0.7924420485175203,0.5980053908355796,0.6993854447439352,noise_hwa_s0.02_stefix_seed0
C3,0.02,0,1,0,0.7253294331454709,0.5946175472987787,0.7634848484848484,0.8126145552560646,0.5729487870619946,0.7522695417789759,noise_hwa_s0.02_stefix_seed0
C3,0.02,0,2,0,0.7133728661275831,0.5786130742808995,0.7209523809523809,0.7853477088948787,0.6204312668463612,0.7267601078167116,noise_hwa_s0.02_stefix_seed0
C3,0.02,0,3,0,0.6950038899779466,0.572578315428365,0.7184090909090909,0.7653045822102427,0.5871698113207546,0.7091320754716981,noise_hwa_s0.02_stefix_seed0
C3,0.02,0,4,0,0.7047672241280731,0.5645086666064819,0.6875432900432901,0.738512129380054,0.6394177897574124,0.7535956873315364,noise_hwa_s0.02_stefix_seed0
C3,0.02,0,5,0,0.7248362329494404,0.5896056608072497,0.7235497835497835,0.7971644204851752,0.6161725067385445,0.7624582210242588,noise_hwa_s0.02_stefix_seed0
C3,0.02,0,6,0,0.6892280588907949,0.5544120808023489,0.7160281385281385,0.7319029649595687,0.6209919137466307,0.687989218328841,noise_hwa_s0.02_stefix_seed0
C3,0.02,0,7,0,0.7298397962100792,0.5796578710928264,0.7673268398268398,0.7967978436657682,0.5989757412398923,0.7562587601078167,noise_hwa_s0.02_stefix_seed0
C3,0.02,0,8,0,0.700705607285796,0.5541910092555574,0.6622294372294372,0.7578436657681941,0.6068032345013478,0.7759460916442049,noise_hwa_s0.02_stefix_seed0
C3,0.02,0,9,0,0.6977929837458139,0.5640199340546908,0.7177056277056277,0.7616495956873316,0.5900161725067385,0.7218005390835579,noise_hwa_s0.02_stefix_seed0
C4,0.02,0,0,0,0.6802295086988484,0.5685488377891555,0.700422077922078,0.7376711590296496,0.5620485175202157,0.7207762803234501,noise_hwa_s0.02_stefix_seed0
C4,0.02,0,1,0,0.6431358020909907,0.5692625646448883,0.7153787878787878,0.7224905660377359,0.5209811320754717,0.6136927223719677,noise_hwa_s0.02_stefix_seed0
C4,0.02,0,2,0,0.6587000837213102,0.5672056427518195,0.6792316017316018,0.7460916442048517,0.5506307277628033,0.6588463611859838,noise_hwa_s0.02_stefix_seed0
C4,0.02,0,3,0,0.6690461896593971,0.5674430501640035,0.7289610389610389,0.7621563342318058,0.5529380053908356,0.6321293800539084,noise_hwa_s0.02_stefix_seed0
C4,0.02,0,4,0,0.6859550457404231,0.553318007712248,0.6837770562770563,0.696711590296496,0.6572506738544474,0.7060808625336928,noise_hwa_s0.02_stefix_seed0
C4,0.02,0,5,0,0.6926671771624602,0.5865787969065029,0.7157792207792206,0.7681509433962264,0.5772183288409704,0.7095202156334233,noise_hwa_s0.02_stefix_seed0
C4,0.02,0,6,0,0.6829083660050641,0.5574674787311331,0.6914393939393939,0.7749649595687332,0.5802803234501347,0.6849487870619947,noise_hwa_s0.02_stefix_seed0
C4,0.02,0,7,0,0.714888926325247,0.5647295232076761,0.7079761904761905,0.7663288409703504,0.6693800539083558,0.7158706199460916,noise_hwa_s0.02_stefix_seed0
C4,0.02,0,8,0,0.654674671240709,0.5524775704269249,0.718008658008658,0.7184797843665769,0.5833638814016172,0.5988463611859839,noise_hwa_s0.02_stefix_seed0
C4,0.02,0,9,0,0.6725809748427674,0.5624372896219967,0.6386904761904761,0.724690026954178,0.6344474393530997,0.6924959568733153,noise_hwa_s0.02_stefix_seed0
C3,0.02,1,0,0,0.7116989606305645,0.6014871548511072,0.7523268398268398,0.7978975741239893,0.590501347708895,0.7060700808625336,noise_hwa_s0.02_stefix_seed1
C3,0.02,1,1,0,0.699883647798742,0.5959193115722411,0.7395238095238095,0.7798167115902964,0.6161185983827493,0.6640754716981132,noise_hwa_s0.02_stefix_seed1
C3,0.02,1,2,0,0.6818837498979009,0.5825456651921399,0.6910606060606062,0.7405175202156336,0.5841185983827493,0.7118382749326146,noise_hwa_s0.02_stefix_seed1
C3,0.02,1,3,0,0.7229878399901986,0.5912977125489538,0.7785389610389608,0.7998814016172507,0.5707169811320755,0.7428140161725068,noise_hwa_s0.02_stefix_seed1
C3,0.02,1,4,0,0.7274223740096382,0.6036308610290736,0.7605735930735931,0.7884528301886793,0.6155902964959569,0.7450727762803235,noise_hwa_s0.02_stefix_seed1
C3,0.02,1,5,0,0.7223218165482317,0.6127719061805457,0.7582683982683982,0.813466307277628,0.5909865229110511,0.726566037735849,noise_hwa_s0.02_stefix_seed1
C3,0.02,1,6,0,0.6999989177489176,0.5923158561068194,0.7502813852813853,0.7825876010781672,0.5775849056603773,0.6895417789757412,noise_hwa_s0.02_stefix_seed1
C3,0.02,1,7,0,0.730203779710855,0.6088178207095785,0.7874350649350648,0.7803342318059299,0.6146091644204852,0.7384366576819407,noise_hwa_s0.02_stefix_seed1
C3,0.02,1,8,0,0.7605534591194967,0.6306311447572619,0.8152380952380951,0.8082156334231805,0.6143072776280323,0.8044528301886793,noise_hwa_s0.02_stefix_seed1
C3,0.02,1,9,0,0.6984153393776036,0.6018730896710043,0.7488311688311688,0.7823504043126684,0.5882695417789757,0.6742102425876011,noise_hwa_s0.02_stefix_seed1
C4,0.02,1,0,0,0.7115063505676713,0.6049363331140888,0.7538744588744589,0.7911159029649596,0.5455094339622641,0.7555256064690027,noise_hwa_s0.02_stefix_seed1
C4,0.02,1,1,0,0.7053996161071634,0.6107860775437737,0.7521645021645023,0.840345013477089,0.5625336927223719,0.66655525606469,noise_hwa_s0.02_stefix_seed1
C4,0.02,1,2,0,0.6879416911704647,0.5918376021528952,0.6867640692640692,0.7844204851752022,0.6234393530997304,0.6571428571428571,noise_hwa_s0.02_stefix_seed1
C4,0.02,1,3,0,0.7394746079392306,0.610324159455242,0.8373701298701299,0.7921725067385446,0.578857142857143,0.7494986522911052,noise_hwa_s0.02_stefix_seed1
C4,0.02,1,4,0,0.738885628522421,0.59494883220057,0.7273376623376623,0.7777574123989222,0.6678490566037736,0.7825983827493261,noise_hwa_s0.02_stefix_seed1
C4,0.02,1,5,0,0.6825501306869232,0.6011180395241964,0.7231385281385281,0.7837951482479786,0.5194177897574124,0.7038490566037736,noise_hwa_s0.02_stefix_seed1
C4,0.02,1,6,0,0.7072781385281385,0.5996650610230551,0.7605411255411254,0.7838382749326145,0.6097035040431267,0.6750296495956873,noise_hwa_s0.02_stefix_seed1
C4,0.02,1,7,0,0.6947307134689209,0.5828729198639824,0.7316991341991341,0.7432560646900268,0.6379299191374663,0.6660377358490566,noise_hwa_s0.02_stefix_seed1
C4,0.02,1,8,0,0.7455427080780854,0.6204001642184364,0.8295562770562771,0.7512021563342317,0.6311482479784366,0.7702641509433963,noise_hwa_s0.02_stefix_seed1
C4,0.02,1,9,0,0.6978504145225843,0.6001722251598121,0.7585822510822511,0.7746415094339623,0.599288409703504,0.65888948787062,noise_hwa_s0.02_stefix_seed1
C3,0.02,2,0,0,0.6958740198480765,0.596519762098213,0.7236038961038961,0.7726792452830189,0.5730242587601078,0.7141886792452831,noise_hwa_s0.02_stefix_seed2
C3,0.02,2,1,0,0.7132844176263988,0.6144932442598778,0.7757683982683983,0.7797951482479785,0.5780269541778976,0.7195471698113208,noise_hwa_s0.02_stefix_seed2
C3,0.02,2,2,0,0.7259354835416156,0.6170441648718709,0.7401839826839827,0.8111051212938007,0.5944474393530996,0.7580053908355795,noise_hwa_s0.02_stefix_seed2
C3,0.02,2,3,0,0.701897359715756,0.6076598550406892,0.7540584415584416,0.7805822102425876,0.5444636118598383,0.7284851752021564,noise_hwa_s0.02_stefix_seed2
C3,0.02,2,4,0,0.7152768112390754,0.6121366344678163,0.7362770562770562,0.7861132075471697,0.5880323450134771,0.7506846361185984,noise_hwa_s0.02_stefix_seed2
C3,0.02,2,5,0,0.7076390794739852,0.6016406797439569,0.743138528138528,0.7687331536388141,0.582134770889488,0.7365498652291106,noise_hwa_s0.02_stefix_seed2
C3,0.02,2,6,0,0.6951869027199216,0.6013699020277967,0.7324025974025974,0.764010781671159,0.5550512129380054,0.7292830188679246,noise_hwa_s0.02_stefix_seed2
C3,0.02,2,7,0,0.7064150330801273,0.6056848811565793,0.7542207792207791,0.7894555256064689,0.5958490566037735,0.6861347708894879,noise_hwa_s0.02_stefix_seed2
C3,0.02,2,8,0,0.6834499918320672,0.5913915363021619,0.7512770562770562,0.7555040431266844,0.544021563342318,0.6829973045822103,noise_hwa_s0.02_stefix_seed2
C3,0.02,2,9,0,0.695972514906477,0.5995290541963829,0.748008658008658,0.7693153638814015,0.5697789757412399,0.6967870619946093,noise_hwa_s0.02_stefix_seed2
C4,0.02,2,0,0,0.6806163726210896,0.5934359913505891,0.7233549783549783,0.7418652291105121,0.5233045822102426,0.7339407008086253,noise_hwa_s0.02_stefix_seed2
C4,0.02,2,1,0,0.722558798905497,0.6162503707811553,0.8123268398268398,0.7692075471698112,0.5753746630727763,0.7333261455525606,noise_hwa_s0.02_stefix_seed2
C4,0.02,2,2,0,0.7089442232296006,0.6098813177884678,0.7637337662337662,0.7577358490566037,0.6147708894878706,0.6995363881401617,noise_hwa_s0.02_stefix_seed2
C4,0.02,2,3,0,0.7100606673201013,0.6012340026739232,0.730021645021645,0.7666954177897575,0.5908140161725067,0.7527115902964959,noise_hwa_s0.02_stefix_seed2
C4,0.02,2,4,0,0.7130928898145878,0.6087372698470017,0.7041774891774891,0.8288086253369272,0.5778760107816712,0.7415094339622641,noise_hwa_s0.02_stefix_seed2
C4,0.02,2,5,0,0.6660025831087151,0.585997637747886,0.705595238095238,0.7677088948787061,0.5240431266846362,0.6666630727762803,noise_hwa_s0.02_stefix_seed2
C4,0.02,2,6,0,0.6768978191619701,0.5956341862374632,0.745974025974026,0.768,0.4921617250673854,0.701455525606469,noise_hwa_s0.02_stefix_seed2
C4,0.02,2,7,0,0.6919426713223883,0.597086358692615,0.7106601731601732,0.7853153638814017,0.549843665768194,0.7219514824797844,noise_hwa_s0.02_stefix_seed2
C4,0.02,2,8,0,0.6875539594053744,0.588618630624589,0.7557683982683983,0.7343611859838275,0.5186630727762803,0.741423180592992,noise_hwa_s0.02_stefix_seed2
C4,0.02,2,9,0,0.6793206934574859,0.5822019671821062,0.7256493506493507,0.7836981132075473,0.5420053908355795,0.6659299191374664,noise_hwa_s0.02_stefix_seed2
C3,0.02,3,0,0,0.758263926325247,0.6226854120722045,0.774047619047619,0.7940700808625336,0.6514393530997304,0.8134986522911052,noise_hwa_s0.02_stefix_seed3
C3,0.02,3,1,0,0.7243075839255084,0.5991553175391309,0.7574675324675323,0.8030727762803234,0.594566037735849,0.7421239892183287,noise_hwa_s0.02_stefix_seed3
C3,0.02,3,2,0,0.7336310953197747,0.606527467897875,0.7546753246753246,0.7958382749326145,0.6086361185983828,0.7753746630727765,noise_hwa_s0.02_stefix_seed3
C3,0.02,3,3,0,0.7516103079310628,0.618453079525572,0.7783549783549784,0.8147816711590297,0.6052938005390835,0.808010781671159,noise_hwa_s0.02_stefix_seed3
C3,0.02,3,4,0,0.7177880829861961,0.5997578100482768,0.7382251082251082,0.7805498652291105,0.6154824797843665,0.7368948787061994,noise_hwa_s0.02_stefix_seed3
C3,0.02,3,5,0,0.748199940782488,0.6122088024520994,0.7547943722943723,0.8065013477088948,0.6375956873315365,0.7939083557951483,noise_hwa_s0.02_stefix_seed3
C3,0.02,3,6,0,0.7175806379155435,0.5952845234871054,0.7354761904761904,0.7750296495956873,0.5787493261455525,0.781067385444744,noise_hwa_s0.02_stefix_seed3
C3,0.02,3,7,0,0.7198383157722781,0.6106002570749343,0.7286147186147187,0.7929487870619947,0.5872345013477089,0.77055525606469,noise_hwa_s0.02_stefix_seed3
C3,0.02,3,8,0,0.749268265539492,0.6158343435776406,0.7843614718614718,0.7961185983827495,0.6272560646900269,0.7893369272237197,noise_hwa_s0.02_stefix_seed3
C3,0.02,3,9,0,0.7067206260720411,0.5975267284850205,0.7467207792207791,0.7554393530997304,0.576355795148248,0.748366576819407,noise_hwa_s0.02_stefix_seed3
C4,0.02,3,0,0,0.7317941680960549,0.5989052820731073,0.7646753246753246,0.7813584905660378,0.6135741239892183,0.7675687331536388,noise_hwa_s0.02_stefix_seed3
C4,0.02,3,1,0,0.7448275545209508,0.6002641681390439,0.7400649350649351,0.7917520215633425,0.6569380053908356,0.79055525606469,noise_hwa_s0.02_stefix_seed3
C4,0.02,3,2,0,0.7244907702360533,0.5897016340164304,0.7345021645021645,0.7744797843665769,0.6587816711590297,0.7301994609164421,noise_hwa_s0.02_stefix_seed3
C4,0.02,3,3,0,0.7516138405619538,0.6150411943237166,0.7478138528138527,0.7870727762803236,0.6659083557951483,0.8056603773584906,noise_hwa_s0.02_stefix_seed3
C4,0.02,3,4,0,0.7356036510659152,0.6071925095758264,0.7027272727272726,0.819633423180593,0.6402264150943398,0.7798274932614557,noise_hwa_s0.02_stefix_seed3
C4,0.02,3,5,0,0.7400117618230826,0.6121231466315875,0.7467532467532467,0.80111051212938,0.6357088948787062,0.7764743935309973,noise_hwa_s0.02_stefix_seed3
C4,0.02,3,6,0,0.7319723311279915,0.599918535618635,0.7135281385281385,0.7949757412398921,0.6257358490566038,0.7936495956873316,noise_hwa_s0.02_stefix_seed3
C4,0.02,3,7,0,0.7299181573143837,0.608211512916081,0.7675324675324675,0.7960431266846362,0.5717412398921833,0.7843557951482479,noise_hwa_s0.02_stefix_seed3
C4,0.02,3,8,0,0.7682047496528629,0.6247129938912461,0.7656060606060606,0.8299838274932614,0.6709973045822102,0.8062318059299193,noise_hwa_s0.02_stefix_seed3
C4,0.02,3,9,0,0.7210125479866045,0.5934847840011693,0.6990151515151515,0.7980269541778976,0.6445175202156335,0.7424905660377358,noise_hwa_s0.02_stefix_seed3
C3,0.03,0,0,0,0.720011333006616,0.5793888666778438,0.7634415584415584,0.7929164420485175,0.6114177897574125,0.7122695417789757,noise_hwa_s0.03_stefix_seed0
C3,0.03,0,1,0,0.7241335354896675,0.591932070742895,0.7301190476190476,0.8051967654986524,0.6075795148247979,0.7536388140161724,noise_hwa_s0.03_stefix_seed0
C3,0.03,0,2,0,0.7138313832394021,0.5849181809583994,0.6926948051948052,0.8166037735849057,0.5883665768194071,0.7576603773584906,noise_hwa_s0.03_stefix_seed0
C3,0.03,0,3,0,0.7442627113452585,0.5939976979326532,0.7784740259740259,0.7675795148247977,0.6204420485175203,0.81055525606469,noise_hwa_s0.03_stefix_seed0
C3,0.03,0,4,0,0.7175688352527976,0.5887194401097082,0.722965367965368,0.8110080862533692,0.5677520215633424,0.7685498652291106,noise_hwa_s0.03_stefix_seed0
C3,0.03,0,5,0,0.720417810177244,0.5945891744799391,0.7743073593073593,0.7810566037735849,0.5625876010781671,0.7637196765498653,noise_hwa_s0.03_stefix_seed0
C3,0.03,0,6,0,0.7169569447847749,0.5615870185755986,0.7057900432900434,0.74255525606469,0.6422318059299191,0.7772506738544475,noise_hwa_s0.03_stefix_seed0
C3,0.03,0,7,0,0.721360032263334,0.5891218182677964,0.7273484848484848,0.7899730458221024,0.6166576819407008,0.7514609164420484,noise_hwa_s0.03_stefix_seed0
C3,0.03,0,8,0,0.7249471636853713,0.5932636587179785,0.7811363636363636,0.7892291105121294,0.6006145552560647,0.7288086253369273,noise_hwa_s0.03_stefix_seed0
C3,0.03,0,9,0,0.7109487462223311,0.5859083278522206,0.7513852813852814,0.8087870619946091,0.5671482479784367,0.7164743935309974,noise_hwa_s0.03_stefix_seed0
C4,0.03,0,0,0,0.7451660642816303,0.5919273956761544,0.7388852813852814,0.7872452830188681,0.6928517520215633,0.7616819407008086,noise_hwa_s0.03_stefix_seed0
C4,0.03,0,1,0,0.7108250428816466,0.5818801398865947,0.7831168831168831,0.738145552560647,0.5597735849056604,0.7622641509433962,noise_hwa_s0.03_stefix_seed0
C4,0.03,0,2,0,0.6930939005962591,0.5711320539771384,0.7338203463203463,0.7855525606469003,0.5478921832884097,0.7051105121293801,noise_hwa_s0.03_stefix_seed0
C4,0.03,0,3,0,0.7371255002858776,0.6024631153355087,0.7501731601731602,0.7864905660377359,0.5747493261455525,0.8370889487870621,noise_hwa_s0.03_stefix_seed0
C4,0.03,0,4,0,0.6947442416074492,0.5749527657050001,0.748896103896104,0.8010026954177898,0.5279460916442049,0.7011320754716981,noise_hwa_s0.03_stefix_seed0
C4,0.03,0,5,0,0.7169142367066894,0.5944817554177038,0.7890909090909091,0.760733153638814,0.5725390835579514,0.7452938005390835,noise_hwa_s0.03_stefix_seed0
C4,0.03,0,6,0,0.696945203381524,0.5669214846722294,0.6219155844155845,0.7947169811320753,0.5716765498652291,0.7994716981132075,noise_hwa_s0.03_stefix_seed0
C4,0.03,0,7,0,0.7440564812545944,0.6017524514545369,0.7570129870129869,0.8276657681940701,0.5841832884097035,0.8073638814016173,noise_hwa_s0.03_stefix_seed0
C4,0.03,0,8,0,0.6972687760352854,0.5854903124019311,0.7106168831168831,0.804722371967655,0.5336603773584905,0.7400754716981132,noise_hwa_s0.03_stefix_seed0
C4,0.03,0,9,0,0.6692401270113534,0.5609153135841318,0.6659632034632034,0.6992237196765497,0.6501347708894879,0.6616388140161725,noise_hwa_s0.03_stefix_seed0
C3,0.03,1,0,0,0.7257823041738136,0.6044782840463079,0.7463852813852814,0.807288409703504,0.5914716981132075,0.7579838274932615,noise_hwa_s0.03_stefix_seed1
C3,0.03,1,1,0,0.7366111247243323,0.6184191718576029,0.7363636363636363,0.8489380053908356,0.5903180592991913,0.7708247978436659,noise_hwa_s0.03_stefix_seed1
C3,0.03,1,2,0,0.7336857898390917,0.6052897036759997,0.7212229437229437,0.8011967654986524,0.6117412398921833,0.8005822102425876,noise_hwa_s0.03_stefix_seed1
C3,0.03,1,3,0,0.6964765171934982,0.5654427664358151,0.745108225108225,0.7670943396226414,0.5501347708894878,0.7235687331536388,noise_hwa_s0.03_stefix_seed1
C3,0.03,1,4,0,0.709581076941926,0.6002241882579519,0.7730844155844155,0.7589757412398923,0.5762048517520215,0.7300592991913746,noise_hwa_s0.03_stefix_seed1
C3,0.03,1,5,0,0.723367924528302,0.6079966747916103,0.7385714285714285,0.8013477088948788,0.6332075471698113,0.720345013477089,noise_hwa_s0.03_stefix_seed1
C3,0.03,1,6,0,0.719209221596014,0.6056720381571424,0.7217748917748917,0.7962803234501348,0.6247870619946092,0.7339946091644204,noise_hwa_s0.03_stefix_seed1
C3,0.03,1,7,0,0.7407601997059545,0.6208787405907565,0.7686688311688311,0.8217035040431268,0.6353854447439353,0.7372830188679246,noise_hwa_s0.03_stefix_seed1
C3,0.03,1,8,0,0.7353531609899535,0.6109649122807017,0.7886363636363638,0.8049056603773586,0.5709110512129381,0.7769595687331536,noise_hwa_s0.03_stefix_seed1
C3,0.03,1,9,0,0.7387627011353426,0.6065807744059979,0.7427489177489178,0.8146415094339622,0.6056819407008086,0.791978436657682,noise_hwa_s0.03_stefix_seed1
C4,0.03,1,0,0,0.7135916748345994,0.601303913729435,0.7700324675324676,0.8215094339622642,0.5157304582210243,0.7470943396226416,noise_hwa_s0.03_stefix_seed1
C4,0.03,1,1,0,0.7335139467450789,0.6181498987606238,0.8076406926406926,0.8257574123989219,0.6092506738544474,0.6914070080862533,noise_hwa_s0.03_stefix_seed1
C4,0.03,1,2,0,0.7135352139998365,0.6026323849933581,0.7301839826839827,0.8301455525606468,0.581099730458221,0.7127115902964959,noise_hwa_s0.03_stefix_seed1
C4,0.03,1,3,0,0.661966072449563,0.5723421976897647,0.7097510822510823,0.7207870619946091,0.49591374663072774,0.7214123989218328,noise_hwa_s0.03_stefix_seed1
C4,0.03,1,4,0,0.7593891203136486,0.6425327362144642,0.7438961038961039,0.8732075471698113,0.6297035040431267,0.7907493261455527,noise_hwa_s0.03_stefix_seed1
C4,0.03,1,5,0,0.737025749407825,0.6137822579605102,0.770151515151515,0.8068032345013478,0.5945229110512129,0.7766253369272238,noise_hwa_s0.03_stefix_seed1
C4,0.03,1,6,0,0.709451747937597,0.6031432569416681,0.7274242424242424,0.789466307277628,0.6154501347708895,0.705466307277628,noise_hwa_s0.03_stefix_seed1
C4,0.03,1,7,0,0.7203152311524953,0.6072191628298877,0.7455735930735929,0.8282695417789758,0.5961185983827493,0.711299191374663,noise_hwa_s0.03_stefix_seed1
C4,0.03,1,8,0,0.7054919545862941,0.5987993676300529,0.7700432900432901,0.7730134770889486,0.5598274932614555,0.7190835579514825,noise_hwa_s0.03_stefix_seed1
C4,0.03,1,9,0,0.6993011823082578,0.590952294974142,0.7192532467532466,0.7372614555256065,0.6187385444743935,0.7219514824797844,noise_hwa_s0.03_stefix_seed1
C3,0.03,2,0,0,0.7231330658335375,0.597360199383536,0.7439069264069263,0.8066846361185984,0.5948787061994609,0.7470619946091646,noise_hwa_s0.03_stefix_seed2
C3,0.03,2,1,0,0.6713670260557052,0.5610892045723227,0.6804761904761905,0.7441940700808625,0.5727978436657682,0.688,noise_hwa_s0.03_stefix_seed2
C3,0.03,2,2,0,0.7382509903618395,0.6146037262968742,0.7717640692640693,0.8172614555256066,0.5906954177897574,0.7732830188679245,noise_hwa_s0.03_stefix_seed2
C3,0.03,2,3,0,0.7250432798333742,0.6083460151235722,0.774448051948052,0.8089703504043126,0.5584366576819408,0.7583180592991914,noise_hwa_s0.03_stefix_seed2
C3,0.03,2,4,0,0.747563127909826,0.6132106101445725,0.7569155844155844,0.8385552560646901,0.6237304582210242,0.7710512129380054,noise_hwa_s0.03_stefix_seed2
C3,0.03,2,5,0,0.743481887609246,0.5992026055705301,0.7679437229437229,0.7547816711590297,0.6151374663072776,0.836064690026954,noise_hwa_s0.03_stefix_seed2
C3,0.03,2,6,0,0.7007820080862533,0.5948297523396828,0.8003571428571429,0.7787493261455525,0.5052398921832885,0.7187816711590296,noise_hwa_s0.03_stefix_seed2
C3,0.03,2,7,0,0.7474309605488851,0.6153347025367879,0.7768181818181819,0.8138544474393531,0.6292075471698114,0.7698436657681941,noise_hwa_s0.03_stefix_seed2
C3,0.03,2,8,0,0.7377227803642897,0.6102712828383137,0.7804329004329005,0.8186415094339623,0.5930026954177898,0.7588140161725067,noise_hwa_s0.03_stefix_seed2
C3,0.03,2,9,0,0.7108980335702033,0.590973628324671,0.7662012987012986,0.7942964959568732,0.5921078167115903,0.6909865229110512,noise_hwa_s0.03_stefix_seed2
C4,0.03,2,0,0,0.7349095197255575,0.6028209460185626,0.7526623376623376,0.8077520215633425,0.6324959568733154,0.7467277628032345,noise_hwa_s0.03_stefix_seed2
C4,0.03,2,1,0,0.7213324348607366,0.6079679795543748,0.6638095238095236,0.8855417789757412,0.6616388140161725,0.6743396226415095,noise_hwa_s0.03_stefix_seed2
C4,0.03,2,2,0,0.7576729508698848,0.6231542621562483,0.8261850649350649,0.8430835579514825,0.6194932614555256,0.7419299191374663,noise_hwa_s0.03_stefix_seed2
C4,0.03,2,3,0,0.6863251245609736,0.5962000305222748,0.7017748917748917,0.7809380053908355,0.5628140161725068,0.6997735849056603,noise_hwa_s0.03_stefix_seed2
C4,0.03,2,4,0,0.7060764926897003,0.6023627357415838,0.6439393939393939,0.8379730458221025,0.626188679245283,0.7162048517520214,noise_hwa_s0.03_stefix_seed2
C4,0.03,2,5,0,0.7722137037490812,0.6132035706762619,0.7608116883116882,0.8001401617250674,0.6817681940700809,0.8461347708894879,noise_hwa_s0.03_stefix_seed2
C4,0.03,2,6,0,0.7128944600996487,0.6129440238675591,0.7338419913419912,0.828345013477089,0.5422210242587601,0.7471698113207548,noise_hwa_s0.03_stefix_seed2
C4,0.03,2,7,0,0.7253706301560076,0.594700570035724,0.7700108225108224,0.787622641509434,0.5851967654986524,0.7586522911051214,noise_hwa_s0.03_stefix_seed2
C4,0.03,2,8,0,0.7124077227803642,0.5987656749076808,0.7321861471861473,0.7793530997304582,0.5472021563342317,0.7908894878706199,noise_hwa_s0.03_stefix_seed2
C4,0.03,2,9,0,0.7015616883116883,0.5837394730393737,0.7239610389610389,0.780366576819407,0.6215525606469002,0.680366576819407,noise_hwa_s0.03_stefix_seed2
C3,0.03,3,0,0,0.6852523687004819,0.5857469574450707,0.7646536796536796,0.7350619946091645,0.4919245283018868,0.7493692722371967,noise_hwa_s0.03_stefix_seed3
C3,0.03,3,1,0,0.687590204606714,0.5840768301542879,0.7399025974025975,0.7366792452830189,0.5936819407008087,0.6800970350404313,noise_hwa_s0.03_stefix_seed3
C3,0.03,3,2,0,0.6796279710855182,0.5890012875241277,0.7113636363636364,0.7533908355795147,0.5507061994609165,0.7030512129380053,noise_hwa_s0.03_stefix_seed3
C3,0.03,3,3,0,0.6953468104222821,0.5922943615470924,0.7476190476190477,0.7564959568733154,0.5449380053908356,0.7323342318059299,noise_hwa_s0.03_stefix_seed3
C3,0.03,3,4,0,0.7071870558686596,0.5985814665308211,0.7354220779220779,0.7897681940700809,0.6157088948787062,0.6878490566037736,noise_hwa_s0.03_stefix_seed3
C3,0.03,3,5,0,0.6714114800294044,0.5773560724280684,0.7075974025974026,0.7549110512129381,0.5395148247978436,0.683622641509434,noise_hwa_s0.03_stefix_seed3
C3,0.03,3,6,0,0.687769919545863,0.5818902960660657,0.7075432900432901,0.7553854447439353,0.5666522911051213,0.7214986522911052,noise_hwa_s0.03_stefix_seed3
C3,0.03,3,7,0,0.653762987012987,0.5666073954182196,0.7087662337662337,0.7290781671159029,0.47916981132075476,0.6980377358490566,noise_hwa_s0.03_stefix_seed3
C3,0.03,3,8,0,0.7028019480519481,0.589987242978802,0.7472077922077922,0.751288409703504,0.5820161725067385,0.7306954177897574,noise_hwa_s0.03_stefix_seed3
C3,0.03,3,9,0,0.6778743363554685,0.5874172996814506,0.7353679653679652,0.7615633423180593,0.5608409703504043,0.6537250673854447,noise_hwa_s0.03_stefix_seed3
C4,0.03,3,0,0,0.694438679245283,0.6034024275955756,0.7364285714285714,0.7990404312668464,0.43818867924528304,0.8040970350404313,noise_hwa_s0.03_stefix_seed3
C4,0.03,3,1,0,0.7090098729886465,0.594611851240451,0.7590367965367965,0.7778867924528302,0.5566792452830188,0.7424366576819408,noise_hwa_s0.03_stefix_seed3
C4,0.03,3,2,0,0.6907191150044923,0.5934766160684731,0.7622619047619048,0.7663719676549866,0.5605714285714286,0.6736711590296496,noise_hwa_s0.03_stefix_seed3
C4,0.03,3,3,0,0.7224351874540554,0.5993974000180554,0.7584415584415585,0.7682048517520216,0.6232560646900269,0.7398382749326147,noise_hwa_s0.03_stefix_seed3
C4,0.03,3,4,0,0.6919510842930654,0.5991385517825438,0.7324350649350649,0.7728194070080863,0.5061024258760107,0.7564474393530999,noise_hwa_s0.03_stefix_seed3
C4,0.03,3,5,0,0.7166937025238912,0.5948251310093415,0.7524675324675325,0.7894231805929919,0.5851212938005391,0.7397628032345014,noise_hwa_s0.03_stefix_seed3
C4,0.03,3,6,0,0.6797890937678673,0.5817188232158441,0.7250108225108225,0.7463611859838275,0.49658221024258764,0.7512021563342317,noise_hwa_s0.03_stefix_seed3
C4,0.03,3,7,0,0.6832653812382586,0.5815620741390355,0.7370183982683983,0.7298221024258762,0.5601293800539083,0.7060916442048519,noise_hwa_s0.03_stefix_seed3
C4,0.03,3,8,0,0.6969717389528711,0.5892663154455607,0.7614718614718615,0.7303611859838276,0.5700269541778975,0.7260269541778975,noise_hwa_s0.03_stefix_seed3
C4,0.03,3,9,0,0.6843691599281223,0.5839956881913189,0.7370238095238095,0.7546846361185984,0.5409487870619947,0.7048194070080862,noise_hwa_s0.03_stefix_seed3
C3,0.05,0,0,0,0.7173683431348525,0.569332421964001,0.630443722943723,0.7889595687331536,0.6637628032345013,0.7863072776280324,noise_hwa_s0.05_stefix_seed0
C3,0.05,0,1,0,0.7140896532712571,0.5785034520262922,0.686461038961039,0.7937574123989218,0.680345013477089,0.6957951482479785,noise_hwa_s0.05_stefix_seed0
C3,0.05,0,2,0,0.7072561055296904,0.5553567667023477,0.6314718614718615,0.7439353099730458,0.7004851752021564,0.7531320754716981,noise_hwa_s0.05_stefix_seed0
C3,0.05,0,3,0,0.6862699705954424,0.5492182428627314,0.7690259740259741,0.7109541778975741,0.5467169811320755,0.7183827493261455,noise_hwa_s0.05_stefix_seed0
C3,0.05,0,4,0,0.708733225108225,0.555675692232296,0.7143614718614718,0.7606253369272237,0.6643126684636118,0.695633423180593,noise_hwa_s0.05_stefix_seed0
C3,0.05,0,5,0,0.6613200093931226,0.5601788024950884,0.613495670995671,0.7757412398921834,0.5268571428571428,0.7291859838274932,noise_hwa_s0.05_stefix_seed0
C3,0.05,0,6,0,0.7028585926651965,0.5690508432315781,0.7015367965367967,0.79711051212938,0.5793099730458221,0.7334770889487872,noise_hwa_s0.05_stefix_seed0
C3,0.05,0,7,0,0.6766893530997304,0.5713372732861313,0.6892857142857143,0.8012506738544474,0.5442857142857143,0.6719353099730458,noise_hwa_s0.05_stefix_seed0
C3,0.05,0,8,0,0.6399223127501429,0.5280218664156102,0.5805086580086579,0.7715687331536389,0.5166576819407008,0.6909541778975741,noise_hwa_s0.05_stefix_seed0
C3,0.05,0,9,0,0.7188004471943151,0.5565956593886088,0.6427597402597403,0.8165714285714286,0.6903827493261455,0.725487870619946,noise_hwa_s0.05_stefix_seed0
C4,0.05,0,0,0,0.6300362043616761,0.5385939656173022,0.604090909090909,0.6960646900269541,0.49215094339622645,0.7278382749326145,noise_hwa_s0.05_stefix_seed0
C4,0.05,0,1,0,0.6595545924201585,0.5758738075892992,0.7021536796536796,0.7097574123989219,0.5280539083557951,0.6982533692722372,noise_hwa_s0.05_stefix_seed0
C4,0.05,0,2,0,0.6947650187862452,0.5652482944066857,0.6366341991341992,0.7608301886792453,0.6157843665768195,0.7658113207547169,noise_hwa_s0.05_stefix_seed0
C4,0.05,0,3,0,0.6670639447030956,0.5372854842939252,0.5563528138528138,0.7628571428571429,0.6136172506738544,0.7354285714285714,noise_hwa_s0.05_stefix_seed0
C4,0.05,0,4,0,0.6780858041329739,0.5455791064281631,0.6395238095238096,0.7689380053908356,0.570544474393531,0.7333369272237197,noise_hwa_s0.05_stefix_seed0
C4,0.05,0,5,0,0.6724425181736502,0.5713982640993565,0.6033549783549783,0.7658652291105121,0.6382102425876011,0.6823396226415094,noise_hwa_s0.05_stefix_seed0
C4,0.05,0,6,0,0.6774009433962265,0.5581344549194599,0.6078571428571429,0.8060269541778975,0.5642587601078167,0.7314609164420485,noise_hwa_s0.05_stefix_seed0
C4,0.05,0,7,0,0.6046882606387324,0.5403938663124364,0.5581277056277056,0.7343504043126685,0.4687870619946092,0.6574878706199461,noise_hwa_s0.05_stefix_seed0
C4,0.05,0,8,0,0.678324930572572,0.5455099476822416,0.7187121212121212,0.7658760107816711,0.5880970350404312,0.6406145552560647,noise_hwa_s0.05_stefix_seed0
C4,0.05,0,9,0,0.6800350710610145,0.5575889767299896,0.7457467532467532,0.6548463611859838,0.6064366576819407,0.71311051212938,noise_hwa_s0.05_stefix_seed0
C3,0.05,1,0,0,0.7208989728824634,0.6070207680436082,0.7471969696969697,0.8153854447439354,0.5379407008086253,0.7830727762803235,noise_hwa_s0.05_stefix_seed1
C3,0.05,1,1,0,0.7716091235808218,0.6318179131361852,0.7742424242424243,0.8371644204851754,0.6459299191374663,0.829099730458221,noise_hwa_s0.05_stefix_seed1
C3,0.05,1,2,0,0.7178559789267336,0.5908037675664289,0.775909090909091,0.7522479784366577,0.6419299191374663,0.7013369272237198,noise_hwa_s0.05_stefix_seed1
C3,0.05,1,3,0,0.6951477783223066,0.5900947157774368,0.7295021645021644,0.7841132075471697,0.6042749326145552,0.6627008086253369,noise_hwa_s0.05_stefix_seed1
C3,0.05,1,4,0,0.6925167953116067,0.5812689958171586,0.6963744588744588,0.6944474393530997,0.5808948787061995,0.7983504043126686,noise_hwa_s0.05_stefix_seed1
C3,0.05,1,5,0,0.7395581658907131,0.6136676919571656,0.7430844155844155,0.838878706199461,0.5620592991913747,0.8142102425876011,noise_hwa_s0.05_stefix_seed1
C3,0.05,1,6,0,0.726745670995671,0.6054103956288663,0.7818398268398268,0.7347816711590298,0.572733153638814,0.8176280323450135,noise_hwa_s0.05_stefix_seed1
C3,0.05,1,7,0,0.7020984542187373,0.6009062643744868,0.6986471861471861,0.806177897574124,0.5532398921832884,0.7503288409703505,noise_hwa_s0.05_stefix_seed1
C3,0.05,1,8,0,0.6935280772686433,0.5891512658146223,0.7911904761904763,0.7882479784366577,0.5293584905660378,0.6653153638814016,noise_hwa_s0.05_stefix_seed1
C3,0.05,1,9,0,0.6776371906395491,0.5876808767201022,0.6354220779220778,0.8024043126684636,0.5514824797843666,0.7212398921832883,noise_hwa_s0.05_stefix_seed1
C4,0.05,1,0,0,0.6682401780609328,0.5723025939634678,0.7488744588744589,0.6667708894878707,0.5774447439353099,0.6798706199460917,noise_hwa_s0.05_stefix_seed1
C4,0.05,1,1,0,0.6832444764355141,0.5797799064556761,0.6734307359307361,0.7826091644204852,0.48783827493261456,0.789099730458221,noise_hwa_s0.05_stefix_seed1
C4,0.05,1,2,0,0.6918588479130932,0.5909931346376232,0.8303787878787878,0.663654986522911,0.4996873315363881,0.7737142857142858,noise_hwa_s0.05_stefix_seed1
C4,0.05,1,3,0,0.7320175202156335,0.6109061246598486,0.7414285714285714,0.8325283018867925,0.5499622641509434,0.8041509433962264,noise_hwa_s0.05_stefix_seed1
C4,0.05,1,4,0,0.701022666013232,0.5965863414969672,0.7211688311688311,0.8378975741239891,0.5826630727762803,0.6623611859838275,noise_hwa_s0.05_stefix_seed1
C4,0.05,1,5,0,0.7278668014375561,0.6172867847147886,0.6588095238095238,0.8361940700808626,0.5827061994609164,0.8337574123989219,noise_hwa_s0.05_stefix_seed1
C4,0.05,1,6,0,0.6834432532875929,0.5755094210655283,0.706991341991342,0.7376388140161725,0.6048733153638814,0.6842695417789758,noise_hwa_s0.05_stefix_seed1
C4,0.05,1,7,0,0.7106507800375725,0.5955235429912689,0.7098268398268399,0.785455525606469,0.5557412398921833,0.7915795148247978,noise_hwa_s0.05_stefix_seed1
C4,0.05,1,8,0,0.7173613799722292,0.5911320969662579,0.7402056277056277,0.7982641509433963,0.594533692722372,0.7364420485175203,noise_hwa_s0.05_stefix_seed1
C4,0.05,1,9,0,0.6907646001796944,0.5880175352618252,0.7790476190476191,0.7816388140161725,0.5263180592991914,0.6760539083557952,noise_hwa_s0.05_stefix_seed1
C3,0.05,2,0,0,0.7146774891774892,0.5912362918445342,0.7295670995670995,0.8181671159029649,0.5966900269541778,0.7142857142857142,noise_hwa_s0.05_stefix_seed2
C3,0.05,2,1,0,0.6655074328187536,0.5838386166961143,0.7150216450216451,0.7069002695417789,0.564355795148248,0.6757520215633422,noise_hwa_s0.05_stefix_seed2
C3,0.05,2,2,0,0.6870640365923385,0.5798809308863927,0.7964502164502164,0.7127547169811321,0.5231051212938005,0.7159460916442049,noise_hwa_s0.05_stefix_seed2
C3,0.05,2,3,0,0.7316691272563914,0.6052953997343273,0.8207034632034633,0.7891859838274932,0.584010781671159,0.7327762803234501,noise_hwa_s0.05_stefix_seed2
C3,0.05,2,4,0,0.7227395144164012,0.5981395383828354,0.7567424242424241,0.8136765498652292,0.6082911051212938,0.7122479784366575,noise_hwa_s0.05_stefix_seed2
C3,0.05,2,5,0,0.704349648778894,0.5880777200290607,0.6763419913419914,0.8027277628032344,0.6010026954177898,0.7373261455525607,noise_hwa_s0.05_stefix_seed2
C3,0.05,2,6,0,0.6617494180347954,0.565867606408818,0.7058116883116884,0.7731536388140161,0.5005714285714286,0.6674609164420485,noise_hwa_s0.05_stefix_seed2
C3,0.05,2,7,0,0.6621574675324675,0.574355163208192,0.6697727272727272,0.7731536388140162,0.5521940700808626,0.6535094339622641,noise_hwa_s0.05_stefix_seed2
C3,0.05,2,8,0,0.703995905823736,0.5893400955218235,0.7070887445887446,0.814911051212938,0.6490134770889487,0.6449703504043126,noise_hwa_s0.05_stefix_seed2
C3,0.05,2,9,0,0.6688289328595933,0.579764322899874,0.7400974025974026,0.7677088948787063,0.500911051212938,0.6665983827493263,noise_hwa_s0.05_stefix_seed2
C4,0.05,2,0,0,0.6995792187372376,0.5933386209950262,0.7282575757575758,0.7590188679245282,0.5704690026954178,0.7405714285714287,noise_hwa_s0.05_stefix_seed2
C4,0.05,2,1,0,0.6967602915951974,0.5744193244689769,0.7744805194805195,0.7284743935309973,0.6285175202156336,0.6555687331536388,noise_hwa_s0.05_stefix_seed2
C4,0.05,2,2,0,0.6934997141223556,0.5750204735681399,0.7525541125541125,0.796021563342318,0.5479029649595687,0.6775202156334232,noise_hwa_s0.05_stefix_seed2
C4,0.05,2,3,0,0.7273287490811077,0.6084413434959611,0.7170454545454545,0.7344258760107817,0.6180916442048516,0.8397520215633424,noise_hwa_s0.05_stefix_seed2
C4,0.05,2,4,0,0.7365185309973046,0.5982833907238079,0.7525,0.8039460916442049,0.6742641509433962,0.7153638814016172,noise_hwa_s0.05_stefix_seed2
C4,0.05,2,5,0,0.7028403169157886,0.5866200664611787,0.7678787878787878,0.8023180592991914,0.5255202156334231,0.7156442048517521,noise_hwa_s0.05_stefix_seed2
C4,0.05,2,6,0,0.6803106673201014,0.5743977761728506,0.7693073593073594,0.7924743935309974,0.4758814016172506,0.6835795148247978,noise_hwa_s0.05_stefix_seed2
C4,0.05,2,7,0,0.7111269807236789,0.5860652918746265,0.77745670995671,0.7511374663072776,0.6578867924528302,0.6580269541778975,noise_hwa_s0.05_stefix_seed2
C4,0.05,2,8,0,0.7452245466797354,0.6030477136236818,0.8065909090909091,0.841412398921833,0.562943396226415,0.7699514824797844,noise_hwa_s0.05_stefix_seed2
C4,0.05,2,9,0,0.6845658131176999,0.5791959530042946,0.7797619047619049,0.7261347708894879,0.5969487870619946,0.6354177897574125,noise_hwa_s0.05_stefix_seed2
C3,0.05,3,0,0,0.6925516825941355,0.5818301650352296,0.6847835497835498,0.7899191374663073,0.6126792452830189,0.6828247978436659,noise_hwa_s0.05_stefix_seed3
C3,0.05,3,1,0,0.7119696765498653,0.5883053474165689,0.7392857142857143,0.7934016172506738,0.6128409703504043,0.7023504043126685,noise_hwa_s0.05_stefix_seed3
C3,0.05,3,2,0,0.7022284468675979,0.595439391789938,0.7135822510822512,0.7818544474393532,0.5764636118598383,0.7370134770889487,noise_hwa_s0.05_stefix_seed3
C3,0.05,3,3,0,0.7298060626480437,0.5867397374224583,0.6829978354978354,0.7987061994609164,0.6704474393530997,0.7670727762803234,noise_hwa_s0.05_stefix_seed3
C3,0.05,3,4,0,0.689551641754472,0.5694085664418336,0.7247402597402598,0.789843665768194,0.5590619946091644,0.6845606469002696,noise_hwa_s0.05_stefix_seed3
C3,0.05,3,5,0,0.7309334415584416,0.577066594444946,0.7123051948051948,0.796722371967655,0.6627708894878706,0.7519353099730459,noise_hwa_s0.05_stefix_seed3
C3,0.05,3,6,0,0.6835492220044107,0.5478334021159245,0.699318181818182,0.7191913746630728,0.6501132075471698,0.6655741239892183,noise_hwa_s0.05_stefix_seed3
C3,0.05,3,7,0,0.6985436167605978,0.5840096059187421,0.699090909090909,0.7834070080862534,0.5147708894878706,0.7969056603773585,noise_hwa_s0.05_stefix_seed3
C3,0.05,3,8,0,0.6985709793351303,0.57542741932017,0.7395238095238096,0.7521509433962265,0.5468571428571428,0.7557520215633424,noise_hwa_s0.05_stefix_seed3
C3,0.05,3,9,0,0.6985476803071142,0.5894709973905605,0.7091125541125541,0.7729380053908356,0.6354609164420486,0.6766792452830189,noise_hwa_s0.05_stefix_seed3
C4,0.05,3,0,0,0.6886813178959406,0.5709259748857565,0.6793398268398267,0.7496280323450135,0.5910188679245283,0.7347385444743937,noise_hwa_s0.05_stefix_seed3
C4,0.05,3,1,0,0.7187416993383975,0.5848083437581948,0.6547727272727273,0.8347169811320756,0.597121293800539,0.7883557951482478,noise_hwa_s0.05_stefix_seed3
C4,0.05,3,2,0,0.6623293208363963,0.5573293224484883,0.6919372294372294,0.707299191374663,0.5854339622641509,0.6646469002695417,noise_hwa_s0.05_stefix_seed3
C4,0.05,3,3,0,0.7168910806174957,0.5810190140875344,0.7845454545454545,0.7387816711590298,0.5847331536388141,0.7595040431266846,noise_hwa_s0.05_stefix_seed3
C4,0.05,3,4,0,0.7193811974189332,0.5872263742546762,0.6612121212121211,0.7975633423180594,0.5825876010781671,0.8361617250673855,noise_hwa_s0.05_stefix_seed3
C4,0.05,3,5,0,0.6917410050641183,0.5548239165667169,0.7111796536796537,0.6864582210242587,0.5885390835579515,0.7807870619946091,noise_hwa_s0.05_stefix_seed3
C4,0.05,3,6,0,0.6908092583517111,0.57044159498231,0.6835281385281385,0.7782318059299191,0.5475795148247977,0.7538975741239891,noise_hwa_s0.05_stefix_seed3
C4,0.05,3,7,0,0.6934591092869394,0.5708985155857053,0.7237987012987013,0.7380808625336928,0.6173477088948787,0.6946091644204851,noise_hwa_s0.05_stefix_seed3
C4,0.05,3,8,0,0.6650636894551989,0.5781363249461561,0.656082251082251,0.7937142857142857,0.5150835579514824,0.6953746630727763,noise_hwa_s0.05_stefix_seed3
C4,0.05,3,9,0,0.7012941987258026,0.5835321580108075,0.7918506493506493,0.7092291105121293,0.5280754716981132,0.7760215633423181,noise_hwa_s0.05_stefix_seed3
C3,0.1,0,0,0,0.7330647614963652,0.6022031923720106,0.7143614718614718,0.7606576819407008,0.6231698113207547,0.8340700808625336,noise_hwa_s0.1_stefix_seed0
C3,0.1,0,1,0,0.6824635301805113,0.5402657050000645,0.6284848484848485,0.7232560646900269,0.565401617250674,0.8127115902964961,noise_hwa_s0.1_stefix_seed0
C3,0.1,0,2,0,0.6479019133382341,0.5346228994441506,0.62745670995671,0.6978005390835579,0.5948355795148248,0.6715148247978437,noise_hwa_s0.1_stefix_seed0
C3,0.1,0,3,0,0.6279650616678919,0.5502621798922692,0.5886796536796537,0.5981455525606469,0.5896388140161725,0.7353962264150943,noise_hwa_s0.1_stefix_seed0
C3,0.1,0,4,0,0.7029155537858367,0.5427819118980985,0.7619155844155843,0.6544043126684636,0.6593746630727763,0.7359676549865228,noise_hwa_s0.1_stefix_seed0
C3,0.1,0,5,0,0.6230254941599281,0.5431218483601801,0.5870238095238095,0.7619622641509434,0.4558706199460916,0.6872452830188679,noise_hwa_s0.1_stefix_seed0
C3,0.1,0,6,0,0.6510837723597157,0.5539267336437147,0.6887987012987014,0.6272560646900269,0.6263072776280323,0.6619730458221024,noise_hwa_s0.1_stefix_seed0
C3,0.1,0,7,0,0.7000022563914073,0.591882633255523,0.7166774891774892,0.7253261455525607,0.5983288409703504,0.759676549865229,noise_hwa_s0.1_stefix_seed0
C3,0.1,0,8,0,0.6338879053336599,0.5286361271962067,0.6354653679653679,0.6054986522911051,0.6507385444743934,0.6438490566037736,noise_hwa_s0.1_stefix_seed0
C3,0.1,0,9,0,0.6093341092869394,0.5328377762588289,0.4798701298701298,0.7240107816711591,0.5540377358490566,0.6794177897574123,noise_hwa_s0.1_stefix_seed0
C4,0.1,0,0,0,0.6547288654741484,0.5496010072350688,0.7268831168831169,0.705800539083558,0.48306199460916444,0.7031698113207546,noise_hwa_s0.1_stefix_seed0
C4,0.1,0,1,0,0.6903164869721474,0.5658249397077599,0.8097619047619048,0.7098652291105121,0.6205390835579514,0.621099730458221,noise_hwa_s0.1_stefix_seed0
C4,0.1,0,2,0,0.6667208813199379,0.581386409849667,0.8184199134199135,0.7400646900269541,0.3671698113207547,0.7412291105121294,noise_hwa_s0.1_stefix_seed0
C4,0.1,0,3,0,0.5615078105856408,0.5603764449717776,0.5897077922077921,0.8130242587601078,0.3833962264150943,0.4599029649595688,noise_hwa_s0.1_stefix_seed0
C4,0.1,0,4,0,0.60757572694601,0.526088162086176,0.6502705627705628,0.7402911051212939,0.34150943396226413,0.6982318059299192,noise_hwa_s0.1_stefix_seed0
C4,0.1,0,5,0,0.7478065527240056,0.6420179952454034,0.7949458874458875,0.8364097035040432,0.546188679245283,0.8136819407008087,noise_hwa_s0.1_stefix_seed0
C4,0.1,0,6,0,0.6762654986522911,0.5694832063004853,0.7128571428571429,0.8053477088948787,0.48094878706199456,0.7059083557951482,noise_hwa_s0.1_stefix_seed0
C4,0.1,0,7,0,0.7465346932941272,0.5791907405735608,0.7610606060606061,0.6730889487870619,0.7730458221024259,0.7789433962264152,noise_hwa_s0.1_stefix_seed0
C4,0.1,0,8,0,0.6853003042554929,0.5569813792629086,0.6926082251082251,0.728722371967655,0.6223611859838274,0.6975094339622641,noise_hwa_s0.1_stefix_seed0
C4,0.1,0,9,0,0.6235433206730377,0.5335174879737938,0.7187770562770563,0.6637735849056604,0.5015849056603774,0.6100377358490566,noise_hwa_s0.1_stefix_seed0
C3,0.1,1,0,0,0.6375902760761252,0.5436504533202646,0.599978354978355,0.7473638814016172,0.5914609164420486,0.6115579514824797,noise_hwa_s0.1_stefix_seed1
C3,0.1,1,1,0,0.6888848627787307,0.5614444021718104,0.7436688311688311,0.6051967654986523,0.6185768194070081,0.7880970350404313,noise_hwa_s0.1_stefix_seed1
C3,0.1,1,2,0,0.7267978436657683,0.610578869988006,0.7228571428571429,0.8531859838274932,0.6457035040431267,0.68544474393531,noise_hwa_s0.1_stefix_seed1
C3,0.1,1,3,0,0.6243542126112881,0.5336418340018141,0.6297510822510822,0.7969056603773584,0.386199460916442,0.6845606469002696,noise_hwa_s0.1_stefix_seed1
C3,0.1,1,4,0,0.7430919300824961,0.6075052554198532,0.7231601731601731,0.7875902964959569,0.5856064690026955,0.876010781671159,noise_hwa_s0.1_stefix_seed1
C3,0.1,1,5,0,0.6755512741975006,0.5614129126418104,0.7357792207792208,0.7844743935309975,0.4776495956873315,0.704301886792453,noise_hwa_s0.1_stefix_seed1
C3,0.1,1,6,0,0.6431674528301887,0.5629056023420472,0.540357142857143,0.8030835579514826,0.4552021563342318,0.7740269541778975,noise_hwa_s0.1_stefix_seed1
C3,0.1,1,7,0,0.7450754512782816,0.6022665475868058,0.8714069264069264,0.7581347708894879,0.6296711590296495,0.721088948787062,noise_hwa_s0.1_stefix_seed1
C3,0.1,1,8,0,0.704147676223148,0.5827697997136925,0.6108225108225108,0.7754285714285715,0.621056603773585,0.8092830188679245,noise_hwa_s0.1_stefix_seed1
C3,0.1,1,9,0,0.7659031181083069,0.6195218965079938,0.7458766233766234,0.8171644204851752,0.7383719676549866,0.762199460916442,noise_hwa_s0.1_stefix_seed1
C4,0.1,1,0,0,0.6506041921914563,0.5313461612865784,0.6604437229437229,0.6775202156334232,0.5248733153638814,0.7395795148247979,noise_hwa_s0.1_stefix_seed1
C4,0.1,1,1,0,0.620560861308503,0.5352594070940645,0.6516558441558442,0.6545983827493262,0.3988140161725068,0.7771752021563343,noise_hwa_s0.1_stefix_seed1
C4,0.1,1,2,0,0.7414407110185413,0.6183428124341729,0.8671536796536796,0.7775417789757413,0.636,0.685067385444744,noise_hwa_s0.1_stefix_seed1
C4,0.1,1,3,0,0.7033411949685535,0.5686182652170736,0.6816666666666666,0.8194716981132076,0.6128625336927223,0.6993638814016173,noise_hwa_s0.1_stefix_seed1
C4,0.1,1,4,0,0.6457818753573471,0.5812046733471758,0.6002164502164502,0.7418436657681942,0.44528301886792454,0.7957843665768195,noise_hwa_s0.1_stefix_seed1
C4,0.1,1,5,0,0.6751385996079392,0.5791169604972981,0.7812012987012987,0.529832884097035,0.62433423180593,0.7651859838274933,noise_hwa_s0.1_stefix_seed1
C4,0.1,1,6,0,0.6509758637588826,0.5484477703693196,0.7144155844155844,0.7361293800539084,0.44423719676549867,0.709121293800539,noise_hwa_s0.1_stefix_seed1
C4,0.1,1,7,0,0.6472800579923221,0.5391598099021138,0.7597186147186147,0.7184150943396227,0.5250566037735849,0.5859299191374663,noise_hwa_s0.1_stefix_seed1
C4,0.1,1,8,0,0.6787349812137549,0.5784829784581522,0.6847943722943723,0.7547816711590298,0.6486576819407008,0.6267061994609164,noise_hwa_s0.1_stefix_seed1
C4,0.1,1,9,0,0.6534855325492118,0.549590367428004,0.6346645021645021,0.7381994609164422,0.40878706199460924,0.8322911051212939,noise_hwa_s0.1_stefix_seed1
C3,0.1,2,0,0,0.5841552826104712,0.5533655644256438,0.5731709956709956,0.7647331536388139,0.4066091644204851,0.5921078167115903,noise_hwa_s0.1_stefix_seed2
C3,0.1,2,1,0,0.6295109552397289,0.5387295962891793,0.664469696969697,0.750533692722372,0.49415633423180594,0.6088840970350404,noise_hwa_s0.1_stefix_seed2
C3,0.1,2,2,0,0.7416432246998285,0.6118882648301714,0.6675324675324674,0.7972183288409704,0.6537681940700808,0.8480539083557952,noise_hwa_s0.1_stefix_seed2
C3,0.1,2,3,0,0.6572371967654986,0.5499897363477304,0.6971428571428572,0.7589433962264152,0.6403126684636118,0.5325498652291105,noise_hwa_s0.1_stefix_seed2
C3,0.1,2,4,0,0.7348056032018296,0.6085790161510122,0.7596536796536797,0.7158167115902965,0.6549757412398922,0.8087762803234501,noise_hwa_s0.1_stefix_seed2
C3,0.1,2,5,0,0.6975095564812546,0.5467564172008065,0.76012987012987,0.7666630727762803,0.5290026954177898,0.7342425876010782,noise_hwa_s0.1_stefix_seed2
C3,0.1,2,6,0,0.5920482112227395,0.5243646208144719,0.5882467532467532,0.700355795148248,0.5747816711590296,0.5048086253369273,noise_hwa_s0.1_stefix_seed2
C3,0.1,2,7,0,0.6008942661112472,0.5456468142913029,0.49649350649350643,0.5897681940700809,0.6780808625336927,0.6392345013477089,noise_hwa_s0.1_stefix_seed2
C3,0.1,2,8,0,0.6770017867352773,0.5914197479118035,0.47617965367965365,0.8458760107816712,0.563256064690027,0.8226954177897573,noise_hwa_s0.1_stefix_seed2
C3,0.1,2,9,0,0.5997493159356366,0.5470879170481951,0.5257034632034632,0.7025983827493261,0.5956981132075472,0.5749973045822103,noise_hwa_s0.1_stefix_seed2
C4,0.1,2,0,0,0.6754505840071878,0.5551238731477064,0.6604761904761904,0.6485175202156335,0.6335956873315365,0.7592129380053908,noise_hwa_s0.1_stefix_seed2
C4,0.1,2,1,0,0.5807745140080046,0.5393477260905265,0.7724134199134198,0.7113530997304582,0.38056064690026953,0.45877088948787065,noise_hwa_s0.1_stefix_seed2
C4,0.1,2,2,0,0.7436154230989137,0.6100922331557883,0.7466341991341992,0.7596226415094338,0.6213800539083558,0.8468247978436659,noise_hwa_s0.1_stefix_seed2
C4,0.1,2,3,0,0.671523390917259,0.5738294600136705,0.7347943722943723,0.7602479784366578,0.5556765498652292,0.6353746630727763,noise_hwa_s0.1_stefix_seed2
C4,0.1,2,4,0,0.7083017438536305,0.5743616653125094,0.6484199134199136,0.7775094339622642,0.5490458221024258,0.858231805929919,noise_hwa_s0.1_stefix_seed2
C4,0.1,2,5,0,0.6696390386343216,0.5519431081993147,0.5830952380952381,0.8295849056603775,0.5589757412398921,0.706900269541779,noise_hwa_s0.1_stefix_seed2
C4,0.1,2,6,0,0.5956249489504206,0.5237741115223737,0.6853030303030303,0.6640646900269542,0.43276549865229114,0.600366576819407,noise_hwa_s0.1_stefix_seed2
C4,0.1,2,7,0,0.6289629380053908,0.5679191009255558,0.7207142857142856,0.8140808625336928,0.4633207547169811,0.5177358490566037,noise_hwa_s0.1_stefix_seed2
C4,0.1,2,8,0,0.6214688189169321,0.5598020565994747,0.5998051948051948,0.6539083557951482,0.7177574123989219,0.5144043126684635,noise_hwa_s0.1_stefix_seed2
C4,0.1,2,9,0,0.6826279506656865,0.5713820894431619,0.7113419913419914,0.813487870619946,0.5773261455525607,0.6283557951482479,noise_hwa_s0.1_stefix_seed2
C3,0.1,3,0,0,0.6811942130196847,0.5753568096914671,0.8315800865800865,0.7208517520215633,0.5260700808625337,0.6462749326145554,noise_hwa_s0.1_stefix_seed3
C3,0.1,3,1,0,0.7234261312586785,0.6200794116509112,0.7145562770562772,0.8231374663072777,0.7634177897574125,0.5925929919137466,noise_hwa_s0.1_stefix_seed3
C3,0.1,3,2,0,0.6738402658662093,0.5575671597518668,0.6106818181818182,0.7641509433962264,0.5566145552560646,0.7639137466307278,noise_hwa_s0.1_stefix_seed3
C3,0.1,3,3,0,0.6729167279261619,0.5904550720712588,0.7545887445887447,0.7633099730458222,0.49868463611859837,0.6750835579514824,noise_hwa_s0.1_stefix_seed3
C3,0.1,3,4,0,0.6249092032181656,0.5297872146059832,0.6751839826839827,0.7114177897574125,0.5348463611859838,0.578188679245283,noise_hwa_s0.1_stefix_seed3
C3,0.1,3,5,0,0.6742334599362901,0.5501022603679009,0.6703246753246754,0.6689056603773585,0.6183611859838275,0.7393423180592992,noise_hwa_s0.1_stefix_seed3
C3,0.1,3,6,0,0.5925506207628849,0.5175518663726211,0.6036580086580087,0.6198167115902965,0.4192345013477089,0.7274932614555255,noise_hwa_s0.1_stefix_seed3
C3,0.1,3,7,0,0.7118532630891121,0.567474109802809,0.6501731601731602,0.8225013477088949,0.7543396226415094,0.6203989218328841,noise_hwa_s0.1_stefix_seed3
C3,0.1,3,8,0,0.6293028771542922,0.5447745650575839,0.592478354978355,0.7353638814016172,0.5018113207547169,0.6875579514824799,noise_hwa_s0.1_stefix_seed3
C3,0.1,3,9,0,0.7380864371477579,0.5698691411203824,0.7087662337662337,0.772743935309973,0.7769380053908357,0.6938975741239893,noise_hwa_s0.1_stefix_seed3
C4,0.1,3,0,0,0.6652421179449481,0.5310594238598211,0.6966450216450217,0.6791482479784366,0.6482695417789757,0.6369056603773584,noise_hwa_s0.1_stefix_seed3
C4,0.1,3,1,0,0.6753280343869967,0.5431438802839001,0.5477164502164502,0.7391805929919137,0.6371428571428571,0.7772722371967655,noise_hwa_s0.1_stefix_seed3
C4,0.1,3,2,0,0.6816500142938822,0.5578435797899551,0.6890151515151515,0.6932398921832884,0.6277088948787062,0.7166361185983827,noise_hwa_s0.1_stefix_seed3
C4,0.1,3,3,0,0.6918870272808952,0.6063658288087285,0.6402489177489177,0.8477304582210243,0.5727223719676551,0.7068463611859838,noise_hwa_s0.1_stefix_seed3
C4,0.1,3,4,0,0.6498794617332353,0.5636768271450496,0.577943722943723,0.810156334231806,0.5679676549865229,0.6434501347708895,noise_hwa_s0.1_stefix_seed3
C4,0.1,3,5,0,0.6380619639794167,0.5457385960613368,0.6371103896103896,0.7091536388140162,0.5871698113207546,0.6188140161725068,noise_hwa_s0.1_stefix_seed3
C4,0.1,3,6,0,0.7297259556481254,0.5847031278883315,0.7609415584415584,0.7428571428571428,0.5636118598382749,0.8514932614555256,noise_hwa_s0.1_stefix_seed3
C4,0.1,3,7,0,0.6793516703422365,0.5406026322237841,0.6727705627705628,0.7905229110512131,0.61922371967655,0.63488948787062,noise_hwa_s0.1_stefix_seed3
C4,0.1,3,8,0,0.6974439884015357,0.5950491580580956,0.8877705627705628,0.8408517520215634,0.3650350404312669,0.6961185983827494,noise_hwa_s0.1_stefix_seed3
C4,0.1,3,9,0,0.6607475292003594,0.5868421589995573,0.7523809523809523,0.7765283018867926,0.4463288409703504,0.6677520215633423,noise_hwa_s0.1_stefix_seed3
