arm,sigma,seed,chip,trial,auc,pauc,auc_id1,auc_id2,auc_id3,auc_id4,run_name
C1,0.0,0,0,0,0.7275596667483459,0.6242612857185846,0.778961038961039,0.7811428571428574,0.5934986522911051,0.7566361185983828,
C2,0.0,0,0,0,0.6709127052193089,0.5022850866445703,0.6788961038961039,0.7390727762803234,0.6063288409703504,0.6593530997304582,
C2,0.0,0,1,0,0.6260847627215551,0.5198646809992391,0.6698484848484849,0.6616495956873315,0.5334878706199461,0.6393530997304582,
C2,0.0,0,2,0,0.6337062811402434,0.5180225434942416,0.6915151515151515,0.6777789757412399,0.5365822102425876,0.6289487870619946,
C2,0.0,0,3,0,0.6305919709221596,0.5198679051831981,0.6446320346320346,0.6875148247978436,0.5178760107816711,0.672345013477089,
C2,0.0,0,4,0,0.65794773544066,0.5684281995726882,0.6731709956709957,0.7371967654986523,0.5421347708894879,0.679288409703504,
C2,0.0,0,5,0,0.6337931777342154,0.5411594487935103,0.6436255411255412,0.6915902964959568,0.5418652291105122,0.6580916442048517,
C2,0.0,0,6,0,0.6260112717471208,0.524576987064574,0.649090909090909,0.6727439353099731,0.5040215633423181,0.678188679245283,
C2,0.0,0,7,0,0.6533649636526995,0.5885573173929678,0.6811471861471861,0.7018544474393531,0.5139407008086253,0.7165175202156333,
C2,0.0,0,8,0,0.6379768745405537,0.5259334549925414,0.6612012987012987,0.6923989218328841,0.5241509433962264,0.6741563342318059,
C2,0.0,0,9,0,0.6381209875030629,0.5355177179655829,0.6796753246753245,0.6998274932614555,0.5401832884097035,0.6327978436657682,
C2,0.01,0,0,0,0.6937280895205423,0.5173854447439353,0.6803463203463204,0.7753207547169811,0.6263827493261456,0.6928625336927223,
C2,0.01,0,1,0,0.6306276137384628,0.5319764355141714,0.6709848484848485,0.6640539083557951,0.5372614555256064,0.6502102425876011,
C2,0.01,0,2,0,0.6635536939475619,0.5179010992317845,0.7183441558441559,0.6904797843665769,0.5484312668463611,0.6969595687331537,
C2,0.01,0,3,0,0.6187069039451115,0.5154791997145522,0.6093181818181819,0.6908032345013478,0.5319353099730458,0.6427708894878705,
C2,0.01,0,4,0,0.6434682369517275,0.5596178482226148,0.693474025974026,0.7009811320754717,0.5004636118598382,0.6789541778975741,
C2,0.01,0,5,0,0.6282389630809442,0.5626820051844879,0.650443722943723,0.7056280323450134,0.4997520215633423,0.657132075471698,
C2,0.01,0,6,0,0.6439248448092787,0.545081238688488,0.6689069264069263,0.6539838274932614,0.5397412398921833,0.7130673854447439,
C2,0.01,0,7,0,0.6264370967083231,0.5727738084490814,0.6461796536796537,0.7085390835579515,0.48281401617250674,0.6682156334231806,
C2,0.01,0,8,0,0.6243946540880503,0.5369213127157517,0.6754761904761905,0.7060377358490565,0.46903504043126676,0.6470296495956873,
C2,0.01,0,9,0,0.6466447868169567,0.5472778752197818,0.6863311688311687,0.723245283018868,0.5594716981132075,0.6175309973045822,
C2,0.02,0,0,0,0.6608783999019848,0.513499443290903,0.7082467532467532,0.7673207547169811,0.542522911051213,0.6254231805929918,
C2,0.02,0,1,0,0.6270186943559586,0.5121192238744374,0.6798160173160174,0.6510080862533693,0.525099730458221,0.6521509433962265,
C2,0.02,0,2,0,0.6492183696806338,0.531104616171647,0.7343290043290043,0.6573261455525607,0.5597951482479784,0.6454231805929919,
C2,0.02,0,3,0,0.6160499571183534,0.5074127213402289,0.6700974025974026,0.6445498652291105,0.5244743935309973,0.625078167115903,
C2,0.02,0,4,0,0.6552223821775709,0.5611527747327152,0.7014393939393939,0.6987924528301888,0.526167115902965,0.6944905660377357,
C2,0.02,0,5,0,0.6165440966266438,0.5424960342537304,0.64245670995671,0.6799460916442048,0.4718598382749326,0.6719137466307277,
C2,0.02,0,6,0,0.6348263803806258,0.5215437285323085,0.7273917748917749,0.6604204851752021,0.46351482479784367,0.687978436657682,
C2,0.02,0,7,0,0.6345320489259169,0.5684837630095823,0.6582575757575757,0.688366576819407,0.4713530997304582,0.7201509433962264,
C2,0.02,0,8,0,0.6287282835089438,0.5207914189418658,0.6662662337662338,0.6909649595687332,0.46370889487870615,0.6939730458221024,
C2,0.02,0,9,0,0.6406160152740341,0.5494169063310076,0.6729761904761904,0.711277628032345,0.5438274932614555,0.6343827493261456,
C2,0.03,0,0,0,0.6805807502246182,0.5288195295270768,0.7041666666666666,0.734167115902965,0.6334123989218328,0.650576819407008,
C2,0.03,0,1,0,0.6226382014212204,0.5064626618002983,0.6793506493506494,0.642156334231806,0.48488409703504043,0.6841617250673855,
C2,0.03,0,2,0,0.6326594993057257,0.5312437397094796,0.7247835497835498,0.6282695417789756,0.5601832884097036,0.6174016172506738,
C2,0.03,0,3,0,0.6285962488769092,0.5115425248369638,0.6720238095238096,0.6804312668463611,0.49701347708894883,0.6649164420485176,
C2,0.03,0,4,0,0.6202791697296415,0.5614720226810594,0.6787770562770562,0.6329811320754717,0.47904043126684637,0.6903180592991913,
C2,0.03,0,5,0,0.5881035285469247,0.5049169880103346,0.6125974025974026,0.6181347708894878,0.5173908355795148,0.6042911051212938,
C2,0.03,0,6,0,0.6219695948705383,0.5377387508221669,0.6991991341991343,0.6502749326145553,0.44249056603773584,0.6959137466307278,
C2,0.03,0,7,0,0.6294800089847259,0.5911972254822304,0.6488095238095238,0.6393530997304582,0.4595579514824798,0.7701994609164419,
C2,0.03,0,8,0,0.6695433513027853,0.5500698573191125,0.6902380952380953,0.7788247978436659,0.5519460916442048,0.6571644204851752,
C2,0.03,0,9,0,0.6238932246998284,0.5180340968200948,0.6953896103896104,0.5941239892183289,0.533822102425876,0.6722371967654986,
C2,0.05,0,0,0,0.69442034223638,0.5226138889247132,0.7341341991341992,0.7278059299191374,0.5572722371967656,0.7584690026954178,
C2,0.05,0,1,0,0.6379200053091563,0.5412743372152509,0.6094913419913419,0.6854663072776281,0.5275687331536387,0.7291536388140162,
C2,0.05,0,2,0,0.5896394061912931,0.5114863165632778,0.7549134199134199,0.645822102425876,0.4791482479784367,0.4786738544474394,
C2,0.05,0,3,0,0.5576037633749898,0.5095241856786048,0.6771320346320346,0.5763018867924529,0.4613908355795148,0.5155902964959569,
C2,0.05,0,4,0,0.6412009719839908,0.5382410249465861,0.7216017316017316,0.6761078167115904,0.5346522911051212,0.6324420485175202,
C2,0.05,0,5,0,0.6203806358735604,0.5394574020815331,0.6320454545454546,0.7658652291105121,0.4371644204851752,0.6464474393530997,
C2,0.05,0,6,0,0.5964948542024013,0.5299585262470069,0.6945454545454545,0.6970242587601079,0.3977466307277628,0.5966630727762803,
C2,0.05,0,7,0,0.6242865514988156,0.5060227756354867,0.7208874458874459,0.7043018867924528,0.4463288409703504,0.6256280323450134,
C2,0.05,0,8,0,0.6107073838111574,0.5208433283036064,0.6326839826839827,0.6230080862533693,0.5190296495956873,0.6681078167115904,
C2,0.05,0,9,0,0.6219525545209508,0.5433150844521252,0.672564935064935,0.7124204851752021,0.5064690026954178,0.596355795148248,
C2,0.1,0,0,0,0.5343018867924529,0.539583521410731,0.5857142857142859,0.7341886792452832,0.3203881401617251,0.4969164420485175,
C2,0.1,0,1,0,0.5652380237686842,0.5175323063232696,0.5894480519480519,0.576743935309973,0.625487870619946,0.4692722371967655,
C2,0.1,0,2,0,0.39007693171608265,0.5095758263583487,0.14154761904761903,0.48644743935309975,0.29429649595687335,0.6380161725067385,
C2,0.1,0,3,0,0.5438111369762313,0.5155867262495861,0.5026623376623377,0.5989433962264151,0.27995687331536384,0.7936819407008087,
C2,0.1,0,4,0,0.6245715306705872,0.5422379383278092,0.7143939393939395,0.5178436657681941,0.6330242587601078,0.6330242587601078,
C2,0.1,0,5,0,0.5272356550682022,0.5150697283517542,0.655508658008658,0.409099730458221,0.46894878706199467,0.5753854447439353,
C2,0.1,0,6,0,0.49670221759372707,0.49964609207409605,0.43006493506493504,0.3770458221024259,0.5458975741239893,0.6338005390835579,
C2,0.1,0,7,0,0.6388403271257045,0.5483930667148145,0.4536038961038961,0.7149110512129381,0.7633746630727763,0.6234716981132075,
C2,0.1,0,8,0,0.5233632075471698,0.5188597565956057,0.5707142857142856,0.549832884097035,0.45297035040431266,0.5199353099730458,
C2,0.1,0,9,0,0.5951048660459037,0.5611246705958721,0.5625865800865801,0.5377142857142858,0.5307493261455525,0.7493692722371967,
C1,0.0,1,0,0,0.7147897063628196,0.6205316034511665,0.7513744588744589,0.7977897574123989,0.590932614555256,0.7190619946091644,
C2,0.0,1,0,0,0.6957704198317405,0.6070506454816287,0.6823593073593074,0.7876765498652292,0.6226738544474394,0.6903719676549864,
C2,0.0,1,1,0,0.5835740218900596,0.5484423429929886,0.5256060606060606,0.6106630727762803,0.5588140161725068,0.6392129380053908,
C2,0.0,1,2,0,0.7039967430368375,0.6339000911369332,0.7136904761904763,0.794188679245283,0.5717843665768194,0.7363234501347709,
C2,0.0,1,3,0,0.6256774585477416,0.5855619967586203,0.5352489177489177,0.6267708894878706,0.6132614555256064,0.7274285714285713,
C2,0.0,1,4,0,0.49694221187617416,0.5054066340809141,0.4987445887445887,0.5533800539083558,0.4981132075471698,0.4375309973045822,
C2,0.0,1,5,0,0.6223832394021074,0.568997482987056,0.5605194805194804,0.6794501347708896,0.5748571428571428,0.6747061994609165,
C2,0.0,1,6,0,0.55509854610798,0.5158780850066849,0.4758874458874459,0.5169487870619945,0.6118814016172507,0.6156765498652291,
C2,0.0,1,7,0,0.6552026464101937,0.5436824264778584,0.6348051948051948,0.6947816711590297,0.5614986522911052,0.7297250673854447,
C2,0.0,1,8,0,0.6644483174058645,0.569678215693608,0.5866450216450216,0.7259622641509433,0.5940269541778975,0.7511590296495957,
C2,0.0,1,9,0,0.6543483316997468,0.589791642485287,0.6520887445887446,0.7533584905660379,0.6807762803234501,0.5311698113207547,
C2,0.01,1,0,0,0.6469266825941354,0.6411303774014797,0.3908549783549784,0.6613908355795147,0.616765498652291,0.9186954177897574,
C2,0.01,1,1,0,0.5490366638078903,0.5067094193459636,0.5117207792207793,0.5445768194070081,0.5485390835579516,0.591309973045822,
C2,0.01,1,2,0,0.5696722821203952,0.5367299573977826,0.6611904761904762,0.5904366576819406,0.4321293800539084,0.594932614555256,
C2,0.01,1,3,0,0.63611760802091,0.5651688182720953,0.6503787878787879,0.5622533692722372,0.5237628032345014,0.8080754716981133,
C2,0.01,1,4,0,0.4272139181573144,0.4902255639097744,0.42961038961038966,0.45278706199460916,0.3113207547169811,0.5151374663072776,
C2,0.01,1,5,0,0.5706870660785754,0.5518744330809873,0.5454329004329004,0.7412614555256065,0.4420161725067385,0.5540377358490566,
C2,0.01,1,6,0,0.5399566895368781,0.5382749326145553,0.2512337662337662,0.6118598382749325,0.6476010781671159,0.6491320754716982,
C2,0.01,1,7,0,0.5932508065833537,0.5760123937631385,0.3429978354978355,0.8550619946091644,0.5255417789757413,0.6494016172506738,
C2,0.01,1,8,0,0.6267346647063629,0.5384485011843503,0.5244588744588745,0.6838167115902964,0.6207978436657682,0.6778652291105122,
C2,0.01,1,9,0,0.4993605733888753,0.5137548523968584,0.4736363636363636,0.47321832884097037,0.5555902964959568,0.49499730458221025,
C2,0.02,1,0,0,0.583705209099077,0.5458802452099374,0.6218073593073592,0.7002695417789758,0.5456064690026954,0.4671374663072777,
C2,0.02,1,1,0,0.4855121089602222,0.49700994553278566,0.5656926406926407,0.5314716981132076,0.37070619946091643,0.474177897574124,
C2,0.02,1,2,0,0.696964653271257,0.5733425007630568,0.7596753246753247,0.8697358490566038,0.5740377358490566,0.5844097035040431,
C2,0.02,1,3,0,0.6393730805358164,0.5662049097873328,0.6840367965367965,0.47249595687331536,0.7307708894878706,0.6701886792452829,
C2,0.02,1,4,0,0.46828200808625337,0.5217017672827007,0.4960714285714286,0.36990835579514825,0.45237735849056604,0.5547708894878707,
C2,0.02,1,5,0,0.5240885812300906,0.5237054901404454,0.5596103896103896,0.5926469002695418,0.2650566037735849,0.6790404312668464,
C2,0.02,1,6,0,0.5733507106101445,0.5255425226875078,0.7146103896103896,0.4452291105121294,0.4261024258760107,0.7074609164420486,
C2,0.02,1,7,0,0.4416788266764682,0.5057454958150092,0.33098484848484844,0.4080646900269541,0.4744905660377358,0.5531752021563343,
C2,0.02,1,8,0,0.5296309728007842,0.5008369981557668,0.5288311688311689,0.554188679245283,0.5062964959568734,0.5292075471698113,
C2,0.02,1,9,0,0.4230423915706934,0.506015037593985,0.392077922077922,0.5044312668463612,0.5632830188679245,0.232377358490566,
C2,0.03,1,0,0,0.6260244425385935,0.529596826543202,0.6944805194805195,0.5441401617250673,0.683266846361186,0.582210242587601,
C2,0.03,1,1,0,0.661051948051948,0.6432569954044631,0.6607792207792208,0.6744258760107817,0.8023396226415095,0.5066630727762803,
C2,0.03,1,2,0,0.42545020624030055,0.4944605832763727,0.571504329004329,0.28423719676549863,0.41719676549865226,0.42886253369272237,
C2,0.03,1,3,0,0.5825772890631381,0.51835721378919,0.6090692640692641,0.48119676549865226,0.6426199460916442,0.5974231805929919,
C2,0.03,1,4,0,0.48872646614391896,0.5217086992782127,0.601482683982684,0.5919029649595687,0.6232129380053908,0.13830727762803235,
C2,0.03,1,5,0,0.6493304235073103,0.6411547737267698,0.37596320346320344,0.8482587601078168,0.8387816711590297,0.5343180592991914,
C2,0.03,1,6,0,0.5640662317242506,0.49501433687133783,0.6102056277056277,0.5342210242587602,0.5651212938005391,0.5467169811320755,
C2,0.03,1,7,0,0.6128257065261782,0.5039531182157795,0.7781060606060606,0.6359029649595687,0.534522911051213,0.5027708894878706,
C2,0.03,1,8,0,0.45451719349832553,0.48195961602118503,0.491082251082251,0.5322911051212939,0.36688948787062,0.42780592991913746,
C2,0.03,1,9,0,0.5046070815976477,0.49908234350885783,0.574935064935065,0.6282371967654987,0.41646361185983827,0.39879245283018866,
C2,0.05,1,0,0,0.543273533856081,0.5178756819149073,0.5499458874458875,0.45141778975741237,0.4536280323450135,0.7181024258760107,
C2,0.05,1,1,0,0.5647582291921914,0.5344162292523762,0.6094372294372294,0.572733153638814,0.7540700808625337,0.3227924528301887,
C2,0.05,1,2,0,0.5139377501429387,0.4985387998297631,0.4225865800865801,0.5213584905660377,0.5847115902964959,0.5270943396226415,
C2,0.05,1,3,0,0.5157792411990525,0.5198259370553313,0.5831385281385282,0.590210242587601,0.5923234501347708,0.29744474393530995,
C2,0.05,1,4,0,0.616530466388957,0.541651298056462,0.4822943722943723,0.5858652291105121,0.5354609164420485,0.862501347708895,
C2,0.05,1,5,0,0.4822026362002777,0.5264850591315339,0.38336580086580085,0.5089164420485175,0.4096603773584906,0.6268679245283018,
C2,0.05,1,6,0,0.4859499816221515,0.514959461260355,0.5869805194805195,0.5226415094339623,0.4362911051212938,0.3978867924528302,
C2,0.05,1,7,0,0.5277907784039859,0.5040140015562061,0.6153679653679653,0.5819730458221024,0.4625768194070081,0.4512452830188679,
C2,0.05,1,8,0,0.6004201380380626,0.5246111634145398,0.5424891774891776,0.5288194070080863,0.6527762803234503,0.6775956873315364,
C2,0.05,1,9,0,0.4042042493669852,0.5207830897999717,0.045075757575757575,0.6639353099730458,0.42146630727762796,0.48633962264150943,
C2,0.1,1,0,0,0.3441310748999428,0.5143633633827278,0.478939393939394,0.19322911051212938,0.39829649595687333,0.30605929919137465,
C2,0.1,1,1,0,0.5041313199379238,0.5010497942970634,0.5420562770562771,0.4791590296495957,0.5697897574123989,0.42552021563342324,
C2,0.1,1,2,0,0.5801588867107735,0.535948361469712,0.4684199134199135,0.4137358490566038,0.7016172506738545,0.7368625336927224,
C2,0.1,1,3,0,0.4180441885158866,0.5621928427415022,0.3354112554112554,0.2034501347708895,0.5960107816711591,0.5373045822102425,
C2,0.1,1,4,0,0.651224271012007,0.6338317384370016,0.63487012987013,0.5495849056603774,0.782522911051213,0.6379191374663072,
C2,0.1,1,5,0,0.5498637997222903,0.5321349578921575,0.7070562770562769,0.6143288409703505,0.2868571428571428,0.5912129380053909,
C2,0.1,1,6,0,0.4327087315200523,0.5170890347653009,0.216969696969697,0.45294878706199465,0.41538544474393535,0.6455309973045823,
C2,0.1,1,7,0,0.6472298660459038,0.568729768245657,0.6893722943722944,0.6538436657681941,0.5793423180592993,0.6663611859838277,
C2,0.1,1,8,0,0.5300279649595687,0.5101799846958734,0.5639285714285713,0.4992345013477089,0.4727654986522911,0.5841832884097035,
C2,0.1,1,9,0,0.5676255309156253,0.5059299191374662,0.4887770562770563,0.5951698113207547,0.4184582210242588,0.7680970350404313,
C1,0.0,2,0,0,0.7380865698766641,0.6179442495604363,0.7503354978354979,0.8058760107816711,0.6273800539083558,0.768754716981132,
C2,0.0,2,0,0,0.7233421240708976,0.5625994123387371,0.7369372294372295,0.7942857142857142,0.6184474393530998,0.7436981132075472,
C2,0.0,2,1,0,0.733451278281467,0.5816411741188305,0.7240692640692641,0.8012075471698114,0.655288409703504,0.7532398921832885,
C2,0.0,2,2,0,0.7510254022706853,0.5703480399110985,0.7297835497835496,0.787266846361186,0.6620592991913746,0.8249919137466306,
C2,0.0,2,3,0,0.7816124418034796,0.6037213531255239,0.760616883116883,0.8064797843665769,0.710900269541779,0.8484528301886793,
C2,0.0,2,4,0,0.7452035550927061,0.5635160478382921,0.7386255411255411,0.8029002695417788,0.6616495956873315,0.7776388140161725,
C2,0.0,2,5,0,0.7349025259331864,0.5729007875606684,0.7195346320346321,0.7801940700808626,0.6293261455525606,0.8105552560646901,
C2,0.0,2,6,0,0.6929758127093033,0.5408158582562753,0.7057900432900432,0.7378975741239893,0.5881725067385445,0.7400431266846361,
C2,0.0,2,7,0,0.7662231070815977,0.598310850023859,0.7850649350649351,0.8211536388140162,0.6851428571428573,0.7735309973045823,
C2,0.0,2,8,0,0.7207437515314874,0.5382087831069956,0.7198051948051948,0.7643665768194072,0.6363234501347709,0.7624797843665768,
C2,0.0,2,9,0,0.7669470922159601,0.5857356190648147,0.7439177489177489,0.8036226415094339,0.6963234501347708,0.823924528301887,
C2,0.01,2,0,0,0.697027311524953,0.5586260892368142,0.7632359307359307,0.7439568733153639,0.567989218328841,0.7129272237196765,
C2,0.01,2,1,0,0.7482165931552724,0.5806133042726885,0.741017316017316,0.8458221024258761,0.6536495956873316,0.752377358490566,
C2,0.01,2,2,0,0.7241712917585559,0.5498870998250343,0.6729978354978354,0.7658436657681941,0.6791590296495956,0.7786846361185984,
C2,0.01,2,3,0,0.7496514538920199,0.6019925456866867,0.7391125541125542,0.8285929919137466,0.5740916442048518,0.8568086253369271,
C2,0.01,2,4,0,0.7352447827329902,0.5507301164575247,0.7508982683982685,0.7876981132075471,0.6581024258760109,0.7442803234501347,
C2,0.01,2,5,0,0.7024534529935473,0.5639113327916704,0.643517316017316,0.745121293800539,0.6446576819407008,0.7765175202156335,
C2,0.01,2,6,0,0.6854371579678183,0.5437435247638823,0.7262445887445887,0.7293477088948788,0.60366576819407,0.6824905660377358,
C2,0.01,2,7,0,0.7642918708649841,0.5820941719650756,0.7979545454545454,0.7770026954177898,0.6947169811320756,0.7874932614555257,
C2,0.01,2,8,0,0.7095403802172671,0.5290271132376395,0.7013744588744588,0.717811320754717,0.6734339622641509,0.7455417789757414,
C2,0.01,2,9,0,0.7715330699175039,0.5800058142784061,0.7793398268398269,0.7950619946091645,0.6644959568733153,0.847234501347709,
C2,0.02,2,0,0,0.7476616229682267,0.5831927051763199,0.7356060606060606,0.817455525606469,0.6657681940700808,0.7718167115902965,
C2,0.02,2,1,0,0.7519863901821449,0.5799366555324847,0.7341450216450216,0.7410781671159029,0.7235040431266846,0.8092183288409703,
C2,0.02,2,2,0,0.7180622396471454,0.5775016443338191,0.7145454545454546,0.7980053908355795,0.6047978436657682,0.754900269541779,
C2,0.02,2,3,0,0.7720306807971903,0.6023922907612084,0.7610930735930737,0.7773584905660378,0.7725283018867924,0.7771428571428571,
C2,0.02,2,4,0,0.7280868659642246,0.5880932498484633,0.714935064935065,0.7991051212938005,0.6399353099730458,0.7583719676549865,
C2,0.02,2,5,0,0.753039910561137,0.5667425424625028,0.7494480519480521,0.7990188679245284,0.6472722371967654,0.816420485175202,
C2,0.02,2,6,0,0.6863554582210242,0.556165069620879,0.6939285714285715,0.778954177897574,0.6015202156334232,0.6710188679245284,
C2,0.02,2,7,0,0.6871839724740668,0.5707483760860126,0.766439393939394,0.7279676549865229,0.5475795148247978,0.7067493261455526,
C2,0.02,2,8,0,0.7466502899616106,0.562811241224846,0.7064502164502164,0.8005283018867924,0.7507277628032345,0.7288948787061994,
C2,0.02,2,9,0,0.771724342481418,0.5632576832303744,0.8049458874458876,0.8210134770889488,0.6823288409703504,0.7786091644204852,
C2,0.03,2,0,0,0.6287807522666014,0.5106893520250024,0.6790259740259741,0.6434285714285713,0.5776172506738544,0.6150512129380054,
C2,0.03,2,1,0,0.685275739197909,0.568650184638268,0.686569264069264,0.7536388140161725,0.5818544474393531,0.7190404312668464,
C2,0.03,2,2,0,0.69835218083803,0.5755659517576102,0.5818831168831169,0.7225121293800538,0.7226199460916443,0.7663935309973047,
C2,0.03,2,3,0,0.7415256983582456,0.6015952187501343,0.6772402597402598,0.7627277628032345,0.6553530997304582,0.8707816711590297,
C2,0.03,2,4,0,0.7547205750224617,0.5850646126465391,0.778095238095238,0.8049595687331534,0.6924743935309974,0.7433530997304583,
C2,0.03,2,5,0,0.6533294535653026,0.582465597957157,0.594935064935065,0.8021347708894879,0.5026630727762803,0.7135849056603774,
C2,0.03,2,6,0,0.685161990525198,0.5862627194057184,0.6859956709956709,0.6348032345013477,0.5200862533692723,0.8997628032345013,
C2,0.03,2,7,0,0.7145674977538184,0.5813671722187115,0.7872619047619048,0.710533692722372,0.6249919137466307,0.7354824797843666,
C2,0.03,2,8,0,0.6791220187045658,0.5656546490583234,0.7121969696969697,0.8304366576819406,0.5588894878706199,0.6149649595687331,
C2,0.03,2,9,0,0.7245145287102834,0.5609723816402069,0.7711147186147187,0.6428571428571429,0.6330458221024259,0.8510404312668464,
C2,0.05,2,0,0,0.6612153781752838,0.5843442762136903,0.5911580086580086,0.7159676549865229,0.4872452830188679,0.8504905660377359,
C2,0.05,2,1,0,0.6191706076941926,0.5485271927675105,0.5494155844155844,0.779266846361186,0.5194393530997305,0.6285606469002695,
C2,0.05,2,2,0,0.7080120885403904,0.5624334206012458,0.72995670995671,0.6934231805929919,0.6779191374663072,0.7307493261455525,
C2,0.05,2,3,0,0.6240297108551824,0.5499226733213823,0.5743506493506493,0.6009164420485176,0.6053800539083558,0.7154716981132074,
C2,0.05,2,4,0,0.6133899371069182,0.5296766788325875,0.6676190476190476,0.5432452830188679,0.5893153638814016,0.6533800539083557,
C2,0.05,2,5,0,0.5393414706362819,0.5368041673652397,0.5648160173160173,0.5681832884097036,0.44279245283018864,0.5815741239892184,
C2,0.05,2,6,0,0.7185029506656866,0.5680092706036102,0.7416991341991341,0.7855633423180592,0.7055849056603773,0.6411644204851752,
C2,0.05,2,7,0,0.6528865474148493,0.5788435496975716,0.6454545454545455,0.6874609164420484,0.4909865229110512,0.787644204851752,
C2,0.05,2,8,0,0.6412751980723679,0.5395192526771474,0.5831385281385282,0.5735741239892183,0.7062425876010782,0.702145552560647,
C2,0.05,2,9,0,0.6833095646491874,0.5749998387908021,0.6995670995670996,0.7026199460916442,0.696010781671159,0.6350404312668463,
C2,0.1,2,0,0,0.7361002613738463,0.5823379202723791,0.7634199134199134,0.7826091644204852,0.6506846361185983,0.7476873315363883,
C2,0.1,2,1,0,0.6001750796373438,0.5207589621566782,0.7684415584415585,0.4498867924528302,0.4901024258760108,0.6922695417789758,
C2,0.1,2,2,0,0.5180996283590624,0.5240603115851379,0.33132034632034635,0.5887654986522912,0.3701132075471698,0.7821994609164421,
C2,0.1,2,3,0,0.6804735767377277,0.5784572387228792,0.5562770562770563,0.7304797843665769,0.7212830188679246,0.7138544474393531,
C2,0.1,2,4,0,0.6038831270930327,0.5310349737981317,0.8104004329004328,0.5332398921832884,0.46732075471698115,0.6045714285714285,
C2,0.1,2,5,0,0.5411786633178142,0.4922439568045328,0.44938311688311683,0.680377358490566,0.6297466307277628,0.40520754716981133,
C2,0.1,2,6,0,0.6579076513109532,0.583484493824613,0.43639610389610395,0.6885175202156334,0.6580377358490567,0.8486792452830189,
C2,0.1,2,7,0,0.6483717124070898,0.5131067914210914,0.6311580086580088,0.7056819407008086,0.6881509433962264,0.5684959568733154,
C2,0.1,2,8,0,0.46235106795720005,0.5062715214279266,0.48927489177489175,0.43411320754716975,0.3834070080862534,0.5426091644204852,
C2,0.1,2,9,0,0.5369307767703995,0.49673599736906593,0.6637662337662338,0.4544582210242587,0.6103288409703505,0.4191698113207547,
C1,0.0,3,0,0,0.6974477150208283,0.61207258067983,0.7402922077922078,0.7860485175202158,0.5703288409703504,0.6931212938005392,
C2,0.0,3,0,0,0.7664126235399821,0.6596997424951745,0.6545238095238095,0.822576819407008,0.6783180592991913,0.9102318059299191,
C2,0.0,3,1,0,0.7585873764600178,0.612662230189539,0.7083333333333333,0.8237520215633424,0.6337789757412399,0.8684851752021562,
C2,0.0,3,2,0,0.7521649718206322,0.6711022302755172,0.6634415584415585,0.7772398921832884,0.7071159029649596,0.8608625336927224,
C2,0.0,3,3,0,0.7547131217838765,0.6479775768752929,0.7101948051948053,0.7894447439353101,0.6774231805929919,0.8417897574123988,
C2,0.0,3,4,0,0.7933239300008168,0.677808801592317,0.7105086580086579,0.8523773584905661,0.7398598382749325,0.8705498652291105,
C2,0.0,3,5,0,0.6856385689781916,0.5764884445246907,0.594025974025974,0.718167115902965,0.6160215633423181,0.8143396226415094,
C2,0.0,3,6,0,0.7359532283753982,0.6369769298890451,0.6647077922077923,0.7611752021563343,0.704679245283019,0.8132506738544474,
C2,0.0,3,7,0,0.800395307522666,0.6746935950510926,0.7418831168831168,0.8475471698113208,0.7064582210242587,0.9056927223719677,
C2,0.0,3,8,0,0.6707711447357674,0.5037298434766161,0.67741341991342,0.7099191374663073,0.5955687331536388,0.7001832884097035,
C2,0.0,3,9,0,0.7501790206648697,0.6470331596572907,0.6869047619047619,0.7882587601078167,0.6740269541778975,0.8515256064690027,
C2,0.01,3,0,0,0.6922467430368373,0.5986218763031077,0.5101190476190476,0.8013261455525607,0.6616819407008087,0.7958598382749325,
C2,0.01,3,1,0,0.7952809973045822,0.6385027212112615,0.7549999999999999,0.7954716981132075,0.7124097035040431,0.9182425876010781,
C2,0.01,3,2,0,0.7218058482398105,0.65444190450397,0.5713419913419914,0.7976603773584906,0.6508571428571429,0.8673638814016171,
C2,0.01,3,3,0,0.7176597851833701,0.6079714724203304,0.7579437229437228,0.6708517520215633,0.6824797843665767,0.7593638814016173,
C2,0.01,3,4,0,0.7750979335130279,0.6642856068129157,0.6438095238095238,0.8183288409703504,0.7633746630727763,0.874878706199461,
C2,0.01,3,5,0,0.6560990055541942,0.5731751656155827,0.6078030303030303,0.6627169811320754,0.5548787061994609,0.7989973045822103,
C2,0.01,3,6,0,0.6192320815976475,0.5472461707441847,0.48457792207792205,0.7521940700808625,0.5676927223719677,0.6724636118598382,
C2,0.01,3,7,0,0.8049627133872416,0.6860867326979541,0.709047619047619,0.8548894878706199,0.737099730458221,0.9188140161725067,
C2,0.01,3,8,0,0.631438362737891,0.5128908785686342,0.5732359307359307,0.7804097035040432,0.5633638814016172,0.6087439353099731,
C2,0.01,3,9,0,0.7033496283590623,0.6135674198360395,0.662034632034632,0.8092291105121293,0.5518598382749327,0.7902749326145553,
C2,0.02,3,0,0,0.5879348403169158,0.5199247582936759,0.44093073593073595,0.6570242587601078,0.6042749326145552,0.6495094339622641,
C2,0.02,3,1,0,0.6609722902883279,0.5303756819149074,0.562056277056277,0.7924959568733152,0.6325390835579515,0.6567978436657682,
C2,0.02,3,2,0,0.7321715776362002,0.6254777703263305,0.6361580086580088,0.7101455525606468,0.7464043126684636,0.8359784366576819,
C2,0.02,3,3,0,0.7314173813607776,0.5946393642769014,0.6481385281385281,0.6568733153638814,0.863288409703504,0.7573692722371967,
C2,0.02,3,4,0,0.7183744486645429,0.5972058147082973,0.6197727272727273,0.8043126684636119,0.7745229110512131,0.67488948787062,
C2,0.02,3,5,0,0.6783719880748182,0.5752066164553751,0.6457359307359307,0.7003989218328841,0.6053584905660377,0.7619946091644205,
C2,0.02,3,6,0,0.6584617740749816,0.530434899426955,0.6151948051948053,0.7382425876010783,0.5439029649595688,0.7365067385444743,
C2,0.02,3,7,0,0.7769909233847914,0.6412793884367867,0.7332359307359306,0.8106846361185984,0.6999137466307277,0.8641293800539083,
C2,0.02,3,8,0,0.5845282916768766,0.49926897002368703,0.5199891774891775,0.7056603773584906,0.45780053908355794,0.6546630727762803,
C2,0.02,3,9,0,0.7275191027525933,0.6211915939075819,0.7416774891774892,0.783644204851752,0.6017142857142858,0.7830404312668464,
C2,0.03,3,0,0,0.5917558400718779,0.5474598266678704,0.5583333333333332,0.5221239892183289,0.3787277628032345,0.9078382749326146,
C2,0.03,3,1,0,0.5680475884178714,0.49806231917701627,0.49044372294372296,0.5452291105121294,0.6064905660377358,0.6300269541778977,
C2,0.03,3,2,0,0.7257971800212367,0.5669304586509154,0.6078679653679655,0.8136603773584907,0.6587708894878707,0.82288948787062,
C2,0.03,3,3,0,0.6633864555256065,0.5476427991075459,0.7882142857142858,0.4532614555256064,0.6224043126684636,0.7896657681940701,
C2,0.03,3,4,0,0.6613179572000327,0.5758138377676609,0.5798917748917749,0.7538975741239893,0.5599568733153639,0.7515256064690027,
C2,0.03,3,5,0,0.7087639467450788,0.563146341410989,0.7469264069264069,0.7405283018867925,0.6340053908355795,0.7135956873315364,
C2,0.03,3,6,0,0.5816210998121375,0.4978624197715559,0.475508658008658,0.6911482479784365,0.4552452830188679,0.7045822102425877,
C2,0.03,3,7,0,0.6848115147431185,0.5589729576944075,0.6973484848484849,0.6442803234501348,0.6890242587601078,0.7085929919137467,
C2,0.03,3,8,0,0.5560341419586703,0.5012158935073533,0.6790476190476191,0.5877412398921832,0.4931644204851752,0.4641832884097035,
C2,0.03,3,9,0,0.5222961488197337,0.5048432079340719,0.5996320346320346,0.5273854447439352,0.37985983827493264,0.5823072776280322,
C2,0.05,3,0,0,0.5258774197500613,0.529596665334004,0.4872077922077922,0.5359137466307278,0.3977250673854448,0.6826630727762804,
C2,0.05,3,1,0,0.5639676345666912,0.4934451265384731,0.4914069264069264,0.5327762803234501,0.48017250673854445,0.7515148247978437,
C2,0.05,3,2,0,0.638773850363473,0.5700624309487269,0.505995670995671,0.7913530997304583,0.7085390835579516,0.5492075471698113,
C2,0.05,3,3,0,0.5015009188924283,0.5066684184732845,0.24525974025974023,0.5370458221024259,0.5968948787061994,0.6268032345013477,
C2,0.05,3,4,0,0.5537970268724985,0.48383356547457834,0.5791341991341991,0.6643881401617251,0.4568409703504043,0.5148247978436657,
C2,0.05,3,5,0,0.5149799477252308,0.5139945167378136,0.4616017316017316,0.5938867924528303,0.4036981132075471,0.600733153638814,
C2,0.05,3,6,0,0.43390171934983257,0.4902767746983238,0.4615367965367965,0.5202695417789758,0.4020269541778976,0.3517735849056604,
C2,0.05,3,7,0,0.6224601302785264,0.5207387035341355,0.6191666666666666,0.6624043126684637,0.49861994609164423,0.7096495956873314,
C2,0.05,3,8,0,0.5885261884342073,0.52840995069148,0.663474025974026,0.6219083557951482,0.5556981132075471,0.5130242587601078,
C2,0.05,3,9,0,0.6218289430695091,0.5418127759364105,0.6615367965367964,0.5783072776280324,0.586167115902965,0.6613045822102426,
C2,0.1,3,0,0,0.5174557093849547,0.5218999471233831,0.6087662337662338,0.6219407008086253,0.32242587601078165,0.5166900269541779,
C2,0.1,3,1,0,0.5429212304990607,0.4919983814596525,0.6136471861471862,0.56511051212938,0.48773045822102423,0.5051967654986522,
C2,0.1,3,2,0,0.4381055399003513,0.49764618450070286,0.3261580086580087,0.34069002695417794,0.3983072776280323,0.6872668463611861,
C2,0.1,3,3,0,0.5473206730376541,0.5287731012780665,0.5341991341991341,0.6272991913746631,0.4924959568733154,0.535288409703504,
C2,0.1,3,4,0,0.5458401025075553,0.5330072071258765,0.4362229437229437,0.4605175202156334,0.6771536388140162,0.6094663072776281,
C2,0.1,3,5,0,0.6297392081189251,0.5755859416981561,0.5721320346320347,0.6899407008086255,0.7651320754716981,0.4917520215633423,
C2,0.1,3,6,0,0.5428347831413868,0.5265193429542983,0.7134415584415582,0.7775417789757413,0.20514285714285713,0.4752129380053908,
C2,0.1,3,7,0,0.4638056950910725,0.5133074431361422,0.4140367965367966,0.5379514824797844,0.39822102425876016,0.5050134770889487,
C2,0.1,3,8,0,0.47907388916115334,0.4937203643757765,0.3583225108225108,0.49660377358490565,0.7406792452830189,0.3206900269541779,
C2,0.1,3,9,0,0.5865337539818671,0.5486593843098313,0.5457792207792207,0.31715363881401615,0.5635687331536388,0.9196334231805929,
C3,0.0,0,0,0,0.7139792636608674,0.5954704514287434,0.7465909090909091,0.7910188679245284,0.6006792452830189,0.7176280323450134,noise_hwa_s0_seed0
C3,0.0,0,1,0,0.7190579208527321,0.600623342232081,0.7528246753246753,0.7948247978436659,0.6065768194070081,0.7220053908355795,noise_hwa_s0_seed0
C3,0.0,0,2,0,0.7107509699420076,0.5989936784499843,0.7503138528138529,0.7906738544474393,0.5866846361185984,0.7153315363881403,noise_hwa_s0_seed0
C3,0.0,0,3,0,0.7220116495140081,0.6016134891259022,0.749491341991342,0.79855525606469,0.6103504043126684,0.7296495956873315,noise_hwa_s0_seed0
C3,0.0,0,4,0,0.7335861716899452,0.608589494748879,0.7613419913419914,0.8080754716981131,0.6118382749326146,0.753088948787062,noise_hwa_s0_seed0
C3,0.0,0,5,0,0.7291406722208609,0.6084309723708929,0.7548268398268398,0.8019838274932615,0.6237628032345013,0.735989218328841,noise_hwa_s0_seed0
C3,0.0,0,6,0,0.7058059503389693,0.59667742469381,0.7457359307359308,0.7857142857142858,0.5889487870619946,0.7028247978436657,noise_hwa_s0_seed0
C3,0.0,0,7,0,0.7150108837703177,0.6052945936883375,0.7515367965367965,0.7949973045822103,0.6027385444743936,0.7107708894878706,noise_hwa_s0_seed0
C3,0.0,0,8,0,0.7382353691905579,0.6078926948589312,0.7609199134199134,0.8075256064690026,0.6278382749326146,0.7566576819407008,noise_hwa_s0_seed0
C3,0.0,0,9,0,0.717199542595769,0.5997029989209731,0.7515151515151515,0.7946954177897574,0.6055741239892184,0.7170134770889488,noise_hwa_s0_seed0
C4,0.0,0,0,0,0.7222175937270277,0.5945346857710313,0.7592207792207792,0.7929164420485175,0.6231590296495956,0.7135741239892184,noise_hwa_s0_seed0
C4,0.0,0,1,0,0.7168930000816794,0.6005849744429685,0.7551515151515151,0.789423180592992,0.5881725067385445,0.7348247978436658,noise_hwa_s0_seed0
C4,0.0,0,2,0,0.7154770583190395,0.5966538344145097,0.7671103896103897,0.7976280323450136,0.5786684636118599,0.7185013477088948,noise_hwa_s0_seed0
C4,0.0,0,3,0,0.7291379053336601,0.6011689816307493,0.7547510822510823,0.816743935309973,0.5974663072776281,0.7475902964959569,noise_hwa_s0_seed0
C4,0.0,0,4,0,0.7499781814097852,0.6150432900432901,0.7711580086580085,0.8227385444743935,0.6308247978436657,0.7751913746630728,noise_hwa_s0_seed0
C4,0.0,0,5,0,0.7328097484276729,0.6017396084551,0.7440476190476191,0.8120970350404312,0.616032345013477,0.7590619946091643,noise_hwa_s0_seed0
C4,0.0,0,6,0,0.7018043473821776,0.596659476736438,0.7354653679653679,0.7949002695417788,0.5710727762803235,0.7057789757412398,noise_hwa_s0_seed0
C4,0.0,0,7,0,0.725241893326799,0.6047975857310515,0.7506926406926409,0.815978436657682,0.6041401617250675,0.7301563342318058,noise_hwa_s0_seed0
C4,0.0,0,8,0,0.7380872131013642,0.610457801880344,0.7781601731601733,0.820291105121294,0.6142857142857143,0.7396118598382749,noise_hwa_s0_seed0
C4,0.0,0,9,0,0.7201153720493343,0.6000978539831568,0.7508658008658009,0.8044851752021565,0.6039784366576819,0.7211320754716981,noise_hwa_s0_seed0
C3,0.0,1,0,0,0.717375786163522,0.6069065244586596,0.746904761904762,0.7898544474393531,0.6046037735849057,0.7281401617250673,noise_hwa_s0_seed1
C3,0.0,1,1,0,0.7220319366168423,0.6095149430179222,0.7495670995670995,0.7937897574123989,0.6044959568733154,0.7402749326145553,noise_hwa_s0_seed1
C3,0.0,1,2,0,0.7187138875275667,0.608238434852139,0.7452922077922077,0.7931428571428571,0.6111051212938006,0.7253153638814016,noise_hwa_s0_seed1
C3,0.0,1,3,0,0.7139346565384301,0.6072749412123792,0.7478787878787879,0.7863396226415094,0.5998382749326145,0.7216819407008086,noise_hwa_s0_seed1
C3,0.0,1,4,0,0.7194507473658417,0.6098443471457374,0.7492207792207792,0.7900916442048517,0.6090134770889488,0.729477088948787,noise_hwa_s0_seed1
C3,0.0,1,5,0,0.7174540553785838,0.6084070596731967,0.747012987012987,0.7910296495956874,0.6019946091644205,0.72977897574124,noise_hwa_s0_seed1
C3,0.0,1,6,0,0.7017275586049172,0.5942577821053491,0.736926406926407,0.7777574123989219,0.5811320754716982,0.7110943396226415,noise_hwa_s0_seed1
C3,0.0,1,7,0,0.7151015988728253,0.6090898880993221,0.7448376623376622,0.7900485175202155,0.6020808625336926,0.7234393530997305,noise_hwa_s0_seed1
C3,0.0,1,8,0,0.7139589152985379,0.6066785209163561,0.7507359307359307,0.7859407008086253,0.5909757412398922,0.7281832884097037,noise_hwa_s0_seed1
C3,0.0,1,9,0,0.7060171832884098,0.6031163350056101,0.7410714285714286,0.779967654986523,0.5891859838274932,0.7138436657681941,noise_hwa_s0_seed1
C4,0.0,1,0,0,0.6762667646818591,0.6112971644376808,0.7427705627705626,0.8120323450134772,0.5918814016172507,0.5583827493261455,noise_hwa_s0_seed1
C4,0.0,1,1,0,0.6626754063546517,0.5996128829793179,0.715930735930736,0.7825876010781673,0.60255525606469,0.5496280323450136,noise_hwa_s0_seed1
C4,0.0,1,2,0,0.6750699072939639,0.6034295644772308,0.6969588744588744,0.797477088948787,0.582587601078167,0.6232560646900269,noise_hwa_s0_seed1
C4,0.0,1,3,0,0.6573157416482888,0.6004862069410233,0.7346861471861472,0.7806037735849057,0.5696064690026954,0.5443665768194069,noise_hwa_s0_seed1
C4,0.0,1,4,0,0.6296713530180511,0.5957241947063199,0.6773484848484849,0.8073099730458222,0.46610242587601075,0.5679245283018868,noise_hwa_s0_seed1
C4,0.0,1,5,0,0.6517526749979581,0.6003033957105456,0.7292640692640693,0.7839029649595688,0.5534123989218329,0.5404312668463611,noise_hwa_s0_seed1
C4,0.0,1,6,0,0.6715383382340929,0.5980579665286716,0.7192099567099567,0.7800862533692723,0.5639137466307278,0.6229433962264151,noise_hwa_s0_seed1
C4,0.0,1,7,0,0.6736573552233929,0.6093121418468985,0.7339393939393939,0.7970242587601077,0.5867493261455525,0.5769164420485176,noise_hwa_s0_seed1
C4,0.0,1,8,0,0.680745354488279,0.6077695847680952,0.7386471861471862,0.7909433962264151,0.5544582210242588,0.6389326145552561,noise_hwa_s0_seed1
C4,0.0,1,9,0,0.6373169259985297,0.5863411745487218,0.7330844155844156,0.742900269541779,0.55744474393531,0.5158382749326146,noise_hwa_s0_seed1
C3,0.0,2,0,0,0.730400432900433,0.6096600850324783,0.7616017316017316,0.7999137466307278,0.6183827493261456,0.7417035040431268,noise_hwa_s0_seed2
C3,0.0,2,1,0,0.7367015845789431,0.6152267461105594,0.7722510822510822,0.8026415094339623,0.6233423180592992,0.7485714285714286,noise_hwa_s0_seed2
C3,0.0,2,2,0,0.7293154047210652,0.612372805942816,0.762900432900433,0.8038814016172507,0.6261132075471698,0.7243665768194071,noise_hwa_s0_seed2
C3,0.0,2,3,0,0.720695050232786,0.6090482961262504,0.7596103896103896,0.7944258760107816,0.6060700808625336,0.7226738544474394,noise_hwa_s0_seed2
C3,0.0,2,4,0,0.7364613248386833,0.6123273986853928,0.7661471861471862,0.8092398921832884,0.6328194070080863,0.7376388140161725,noise_hwa_s0_seed2
C3,0.0,2,5,0,0.7348928673527729,0.6090752717987077,0.7635822510822511,0.8012183288409703,0.6204312668463612,0.7543396226415093,noise_hwa_s0_seed2
C3,0.0,2,6,0,0.7017868986359553,0.600774878878156,0.7455411255411255,0.7848409703504045,0.593487870619946,0.683277628032345,noise_hwa_s0_seed2
C3,0.0,2,7,0,0.7051895368782161,0.5996550123163826,0.7523376623376624,0.7850134770889488,0.5903504043126684,0.6930566037735848,noise_hwa_s0_seed2
C3,0.0,2,8,0,0.731430889079474,0.6080557848308593,0.7595995670995671,0.8008625336927224,0.6230512129380054,0.742210242587601,noise_hwa_s0_seed2
C3,0.0,2,9,0,0.7114973454218736,0.6024039515598603,0.7557575757575756,0.7864043126684637,0.5896495956873316,0.714177897574124,noise_hwa_s0_seed2
C4,0.0,2,0,0,0.7246774279179939,0.6069149073369531,0.7466450216450218,0.8076118598382749,0.6078167115902965,0.7366361185983827,noise_hwa_s0_seed2
C4,0.0,2,1,0,0.7401334333905087,0.6198574265853313,0.7814393939393938,0.8176819407008085,0.604355795148248,0.7570566037735849,noise_hwa_s0_seed2
C4,0.0,2,2,0,0.7509253655149881,0.6208702502396644,0.7923160173160173,0.8202803234501348,0.6482264150943396,0.742878706199461,noise_hwa_s0_seed2
C4,0.0,2,3,0,0.7277287123254105,0.6118100246327655,0.7610064935064935,0.8139191374663073,0.6135956873315364,0.7223935309973045,noise_hwa_s0_seed2
C4,0.0,2,4,0,0.7451157191864739,0.6171505629425192,0.7655194805194806,0.8261132075471698,0.6283450134770889,0.7604851752021562,noise_hwa_s0_seed2
C4,0.0,2,5,0,0.7479532590051459,0.6061108495939678,0.7604545454545454,0.8047816711590297,0.6572722371967655,0.7693045822102426,noise_hwa_s0_seed2
C4,0.0,2,6,0,0.7050084640202564,0.6006333909387533,0.7404004329004329,0.806566037735849,0.5762803234501348,0.6967870619946092,noise_hwa_s0_seed2
C4,0.0,2,7,0,0.7076755799232214,0.599054239372015,0.7646861471861472,0.7794285714285714,0.579978436657682,0.7066091644204852,noise_hwa_s0_seed2
C4,0.0,2,8,0,0.7434838683329248,0.6120737628806149,0.7614718614718614,0.8273854447439353,0.6310943396226414,0.7539838274932614,noise_hwa_s0_seed2
C4,0.0,2,9,0,0.7195634648370497,0.6044386265836117,0.7487012987012988,0.7903396226415095,0.6152452830188679,0.7239676549865229,noise_hwa_s0_seed2
C3,0.0,3,0,0,0.7280259229763948,0.6084671369676334,0.7589069264069265,0.7927547169811321,0.6127223719676551,0.7477196765498654,noise_hwa_s0_seed3
C3,0.0,3,1,0,0.7064736686269705,0.6018409553042126,0.753517316017316,0.7773369272237197,0.5919245283018868,0.7031159029649596,noise_hwa_s0_seed3
C3,0.0,3,2,0,0.7221584374744752,0.6108123546430398,0.7593722943722944,0.7947277628032345,0.6164312668463612,0.7181024258760108,noise_hwa_s0_seed3
C3,0.0,3,3,0,0.7158490463938576,0.5998913450005804,0.7485606060606059,0.7823827493261455,0.5993530997304582,0.733099730458221,noise_hwa_s0_seed3
C3,0.0,3,4,0,0.726863279016581,0.6074604929992219,0.7579329004329004,0.7935741239892184,0.6186522911051213,0.7372938005390836,noise_hwa_s0_seed3
C3,0.0,3,5,0,0.7230069427427918,0.5988028604960085,0.753073593073593,0.7855202156334231,0.6083773584905661,0.7450566037735848,noise_hwa_s0_seed3
C3,0.0,3,6,0,0.7000041758555909,0.5947849361826523,0.7415692640692642,0.7726684636118598,0.5768948787061995,0.7088840970350404,noise_hwa_s0_seed3
C3,0.0,3,7,0,0.7086967757085681,0.594897513939222,0.7471536796536797,0.7794824797843666,0.5951266846361186,0.7130242587601078,noise_hwa_s0_seed3
C3,0.0,3,8,0,0.7177445274850935,0.5996658670690448,0.7520562770562771,0.78211320754717,0.6004636118598383,0.7363450134770889,noise_hwa_s0_seed3
C3,0.0,3,9,0,0.7296024973454218,0.6033301521384937,0.7557900432900433,0.7905013477088949,0.6176603773584906,0.7544582210242587,noise_hwa_s0_seed3
C4,0.0,3,0,0,0.7468729886465735,0.6121848360180039,0.7567965367965367,0.8037304582210243,0.6618975741239892,0.765067385444744,noise_hwa_s0_seed3
C4,0.0,3,1,0,0.7173189169321244,0.6089780626523427,0.7323376623376623,0.8033207547169811,0.6430727762803234,0.690544474393531,noise_hwa_s0_seed3
C4,0.0,3,2,0,0.7169964163195296,0.608353591955876,0.7247727272727273,0.7733584905660377,0.6423504043126684,0.7275040431266846,noise_hwa_s0_seed3
C4,0.0,3,3,0,0.7268510577472842,0.601450882781568,0.7392640692640693,0.7976711590296497,0.625822102425876,0.7446469002695417,noise_hwa_s0_seed3
C4,0.0,3,4,0,0.7436996140651801,0.6130431137879002,0.7358766233766234,0.8264690026954179,0.6671590296495956,0.7452938005390835,noise_hwa_s0_seed3
C4,0.0,3,5,0,0.7301426529445398,0.6023287206008159,0.7226406926406926,0.7947924528301887,0.6445822102425877,0.75855525606469,noise_hwa_s0_seed3
C4,0.0,3,6,0,0.6973815956056522,0.5939111823297524,0.7102056277056277,0.7770026954177898,0.5799460916442049,0.7223719676549865,noise_hwa_s0_seed3
C4,0.0,3,7,0,0.7230894082332762,0.5945675187110142,0.7490584415584416,0.7774231805929919,0.6502425876010781,0.715633423180593,noise_hwa_s0_seed3
C4,0.0,3,8,0,0.7257410459037817,0.6056179793394292,0.7626515151515152,0.7868355795148246,0.6183719676549865,0.7351051212938007,noise_hwa_s0_seed3
C4,0.0,3,9,0,0.7248702217593728,0.5968812468564206,0.7224350649350649,0.761088948787062,0.6878274932614555,0.7281293800539083,noise_hwa_s0_seed3
C3,0.01,0,0,0,0.7150751347708895,0.6057125016658284,0.7596428571428571,0.7916981132075472,0.586522911051213,0.7224366576819407,noise_hwa_s0.01_seed0
C3,0.01,0,1,0,0.7417001347708896,0.615363344037624,0.767857142857143,0.804711590296496,0.6333584905660378,0.7608733153638815,noise_hwa_s0.01_seed0
C3,0.01,0,2,0,0.7190753900187863,0.6077306796149894,0.7627705627705628,0.7964959568733154,0.6025876010781672,0.7144474393530997,noise_hwa_s0.01_seed0
C3,0.01,0,3,0,0.72275299150535,0.609610916227103,0.7495995670995672,0.7923989218328841,0.6015202156334232,0.7474932614555256,noise_hwa_s0.01_seed0
C3,0.01,0,4,0,0.7456545372866128,0.6192230146549909,0.7623809523809524,0.8158814016172506,0.648345013477089,0.7560107816711591,noise_hwa_s0.01_seed0
C3,0.01,0,5,0,0.7478291676876584,0.614681912757881,0.7703463203463204,0.8154932614555257,0.6408194070080863,0.7646576819407009,noise_hwa_s0.01_seed0
C3,0.01,0,6,0,0.7234928122192272,0.5896293048229494,0.7423809523809524,0.7902857142857143,0.6047978436657682,0.7565067385444744,noise_hwa_s0.01_seed0
C3,0.01,0,7,0,0.732429000245038,0.6162144748664113,0.7575974025974026,0.8090458221024258,0.6106954177897574,0.7523773584905661,noise_hwa_s0.01_seed0
C3,0.01,0,8,0,0.7295995160499879,0.6020607371774204,0.7526298701298701,0.7955363881401618,0.6337681940700809,0.7364636118598383,noise_hwa_s0.01_seed0
C3,0.01,0,9,0,0.702591930082496,0.598810920955906,0.7388744588744588,0.786167115902965,0.5783504043126684,0.7069757412398922,noise_hwa_s0.01_seed0
C4,0.01,0,0,0,0.7142415563995753,0.6020016271381714,0.7389069264069263,0.7909433962264152,0.5967008086253369,0.7304150943396227,noise_hwa_s0.01_seed0
C4,0.01,0,1,0,0.7349021481662992,0.6072747262667819,0.7677056277056278,0.7899622641509434,0.6227601078167115,0.7591805929919139,noise_hwa_s0.01_seed0
C4,0.01,0,2,0,0.7374886465735523,0.6137334115735308,0.7665367965367966,0.8026846361185983,0.6150619946091644,0.7656711590296496,noise_hwa_s0.01_seed0
C4,0.01,0,3,0,0.7179807440986686,0.6068561197160999,0.7395887445887446,0.7848625336927224,0.5959029649595687,0.7515687331536388,noise_hwa_s0.01_seed0
C4,0.01,0,4,0,0.7513492710120069,0.6224276385646792,0.7673701298701299,0.80477628032345,0.6303827493261454,0.8028679245283019,noise_hwa_s0.01_seed0
C4,0.01,0,5,0,0.7459146451033244,0.6139426611124724,0.7838095238095237,0.7993962264150944,0.6270512129380055,0.7734016172506739,noise_hwa_s0.01_seed0
C4,0.01,0,6,0,0.7036572735440659,0.5862658898532781,0.7224242424242424,0.7857681940700808,0.5756657681940701,0.7307708894878705,noise_hwa_s0.01_seed0
C4,0.01,0,7,0,0.7328225925018378,0.6163699880060356,0.749090909090909,0.8252291105121294,0.6011752021563342,0.7557951482479784,noise_hwa_s0.01_seed0
C4,0.01,0,8,0,0.7311801437556155,0.6006949728523711,0.7566666666666666,0.8161617250673855,0.6144797843665768,0.7374123989218329,noise_hwa_s0.01_seed0
C4,0.01,0,9,0,0.7078844543820958,0.6008419419045039,0.7575216450216449,0.7982857142857143,0.5717843665768194,0.7039460916442049,noise_hwa_s0.01_seed0
C3,0.01,1,0,0,0.7264667973535898,0.6021023291504921,0.7762337662337662,0.7666954177897574,0.6177358490566037,0.7452021563342318,noise_hwa_s0.01_seed1
C3,0.01,1,1,0,0.7327733704974271,0.6107436795247123,0.7769155844155844,0.7837735849056605,0.5997735849056604,0.7706307277628033,noise_hwa_s0.01_seed1
C3,0.01,1,2,0,0.7354191578861389,0.6140756049643835,0.7671645021645022,0.7937035040431266,0.6205390835579514,0.7602695417789758,noise_hwa_s0.01_seed1
C3,0.01,1,3,0,0.7341888221841051,0.6173266571230821,0.773008658008658,0.7747061994609163,0.6021078167115903,0.786932614555256,noise_hwa_s0.01_seed1
C3,0.01,1,4,0,0.7307700931144328,0.6168975182381339,0.7648701298701299,0.7968840970350404,0.5924636118598383,0.7688625336927223,noise_hwa_s0.01_seed1
C3,0.01,1,5,0,0.7395281589479703,0.614337140019861,0.7827056277056277,0.7928301886792453,0.6116549865229111,0.7709218328840971,noise_hwa_s0.01_seed1
C3,0.01,1,6,0,0.702018347218819,0.6031220310639377,0.7623051948051947,0.7685498652291106,0.5406253369272237,0.7365929919137467,noise_hwa_s0.01_seed1
C3,0.01,1,7,0,0.7336757432818755,0.6124869420549659,0.773430735930736,0.7856711590296497,0.595956873315364,0.779644204851752,noise_hwa_s0.01_seed1
C3,0.01,1,8,0,0.7211945295270766,0.6113522979833804,0.7690584415584415,0.7779622641509435,0.5810889487870619,0.7566684636118598,noise_hwa_s0.01_seed1
C3,0.01,1,9,0,0.698385066977048,0.592362015673833,0.7453138528138528,0.7605929919137466,0.5608409703504043,0.7267924528301887,noise_hwa_s0.01_seed1
C4,0.01,1,0,0,0.7403076553949196,0.6082143609452447,0.7832575757575757,0.8152668463611861,0.584679245283019,0.7780269541778976,noise_hwa_s0.01_seed1
C4,0.01,1,1,0,0.7321316262353998,0.6108926905600192,0.790952380952381,0.7811859838274933,0.5675579514824798,0.7888301886792453,noise_hwa_s0.01_seed1
C4,0.01,1,2,0,0.7569227773013151,0.627565966803802,0.7995725108225109,0.8141024258760108,0.5999892183288409,0.8140269541778976,noise_hwa_s0.01_seed1
C4,0.01,1,3,0,0.7513520991587029,0.6232923109660944,0.7760822510822512,0.8140592991913747,0.6319137466307276,0.7833530997304582,noise_hwa_s0.01_seed1
C4,0.01,1,4,0,0.7556263170791473,0.6211645644987254,0.7981818181818182,0.8094770889487871,0.6370350404312668,0.7778113207547169,noise_hwa_s0.01_seed1
C4,0.01,1,5,0,0.7598713550600343,0.6249195566102219,0.7836363636363637,0.8358274932614556,0.6082695417789756,0.8117520215633424,noise_hwa_s0.01_seed1
C4,0.01,1,6,0,0.7380867128154863,0.6196022324249733,0.7833441558441558,0.7983396226415095,0.5713530997304581,0.7993099730458222,noise_hwa_s0.01_seed1
C4,0.01,1,7,0,0.7653688536306461,0.6198149210934712,0.799556277056277,0.8146846361185984,0.645067385444744,0.802167115902965,noise_hwa_s0.01_seed1
C4,0.01,1,8,0,0.7406737829780283,0.612750626566416,0.7427813852813853,0.7906954177897574,0.6096711590296496,0.8195471698113208,noise_hwa_s0.01_seed1
C4,0.01,1,9,0,0.7450381646655231,0.6168326584041579,0.8061688311688311,0.8237951482479785,0.6299838274932614,0.7202048517520216,noise_hwa_s0.01_seed1
C3,0.01,2,0,0,0.7568364779874215,0.6293351302785265,0.7838095238095237,0.8230619946091645,0.6361078167115903,0.7843665768194071,noise_hwa_s0.01_seed2
C3,0.01,2,1,0,0.7443211018541207,0.617477333986768,0.7660822510822511,0.8181132075471698,0.6232776280323451,0.769811320754717,noise_hwa_s0.01_seed2
C3,0.01,2,2,0,0.7246917218002125,0.6118296921549156,0.7532251082251082,0.7956549865229111,0.599633423180593,0.7502533692722373,noise_hwa_s0.01_seed2
C3,0.01,2,3,0,0.7475464449072939,0.6220493343134853,0.7735173160173159,0.810566037735849,0.617099730458221,0.7890026954177898,noise_hwa_s0.01_seed2
C3,0.01,2,4,0,0.7432764743118516,0.6227473164042181,0.7759199134199133,0.8074177897574124,0.6167762803234501,0.7729919137466307,noise_hwa_s0.01_seed2
C3,0.01,2,5,0,0.7555729294290614,0.6220796416427002,0.781590909090909,0.8073315363881401,0.6418005390835579,0.7915687331536387,noise_hwa_s0.01_seed2
C3,0.01,2,6,0,0.741239922813036,0.6215685547487931,0.781461038961039,0.8034177897574124,0.6058221024258761,0.7742587601078166,noise_hwa_s0.01_seed2
C3,0.01,2,7,0,0.7192457016254187,0.6099020063022049,0.7661580086580086,0.7900808625336928,0.5916981132075472,0.7290458221024259,noise_hwa_s0.01_seed2
C3,0.01,2,8,0,0.7280738279016581,0.6152681231380337,0.7611147186147186,0.7939514824797843,0.600398921832884,0.7568301886792453,noise_hwa_s0.01_seed2
C3,0.01,2,9,0,0.7351928653107898,0.6070891207435398,0.7844372294372295,0.8042156334231805,0.606566037735849,0.7455525606469002,noise_hwa_s0.01_seed2
C4,0.01,2,0,0,0.7652910234419669,0.634824303468792,0.7970562770562771,0.8261347708894878,0.6388463611859839,0.7991266846361187,noise_hwa_s0.01_seed2
C4,0.01,2,1,0,0.7678316691170465,0.6264091833356977,0.801569264069264,0.8210242587601078,0.6858760107816712,0.7628571428571428,noise_hwa_s0.01_seed2
C4,0.01,2,2,0,0.7471513211631136,0.6185018184397529,0.7975432900432899,0.834932614555256,0.6039245283018868,0.7522048517520216,noise_hwa_s0.01_seed2
C4,0.01,2,3,0,0.7657622212692968,0.6305575258901972,0.8022402597402597,0.814911051212938,0.6390512129380055,0.8068463611859839,noise_hwa_s0.01_seed2
C4,0.01,2,4,0,0.7631209160336521,0.626085797684606,0.7767424242424245,0.8311159029649597,0.6456172506738544,0.7990080862533693,noise_hwa_s0.01_seed2
C4,0.01,2,5,0,0.7638606346483705,0.6237982929020665,0.7894155844155843,0.8351266846361185,0.6337142857142857,0.7971859838274933,noise_hwa_s0.01_seed2
C4,0.01,2,6,0,0.7605254431103489,0.6222202697997137,0.7798268398268399,0.830533692722372,0.630156334231806,0.8015849056603774,noise_hwa_s0.01_seed2
C4,0.01,2,7,0,0.7319970289144817,0.6083367724628896,0.7625649350649351,0.817487870619946,0.6156442048517521,0.7322911051212937,noise_hwa_s0.01_seed2
C4,0.01,2,8,0,0.7570325390018786,0.627748670561481,0.7802056277056277,0.8258760107816713,0.6173800539083558,0.8046684636118597,noise_hwa_s0.01_seed2
C4,0.01,2,9,0,0.7397421179449482,0.6243179776198644,0.7937878787878787,0.8353962264150944,0.5705283018867925,0.759256064690027,noise_hwa_s0.01_seed2
C3,0.01,3,0,0,0.7162262925753492,0.6032888288474187,0.7655844155844156,0.7862857142857145,0.5857035040431267,0.7273315363881402,noise_hwa_s0.01_seed3
C3,0.01,3,1,0,0.716651760189496,0.5924864691746519,0.7565800865800866,0.7837304582210243,0.5809595687331536,0.7453369272237197,noise_hwa_s0.01_seed3
C3,0.01,3,2,0,0.7171785101690762,0.6005198459269958,0.7577922077922078,0.7826738544474394,0.5870296495956873,0.7412183288409704,noise_hwa_s0.01_seed3
C3,0.01,3,3,0,0.7363469942007678,0.6075381420962354,0.7506709956709957,0.8031266846361186,0.6111805929919137,0.780409703504043,noise_hwa_s0.01_seed3
C3,0.01,3,4,0,0.7243141386914972,0.6087085746097662,0.7644155844155844,0.7965498652291105,0.5953962264150944,0.7408948787061994,noise_hwa_s0.01_seed3
C3,0.01,3,5,0,0.7211010679572001,0.6024640825906963,0.7614177489177489,0.7972938005390836,0.5882371967654987,0.737455525606469,noise_hwa_s0.01_seed3
C3,0.01,3,6,0,0.7175320182961691,0.599416637649011,0.7653679653679653,0.7792560646900271,0.5708894878706199,0.7546145552560646,noise_hwa_s0.01_seed3
C3,0.01,3,7,0,0.7108518234909744,0.6006325311563643,0.7543614718614718,0.7777897574123989,0.5835256064690026,0.7277304582210241,noise_hwa_s0.01_seed3
C3,0.01,3,8,0,0.7313514048844236,0.6035125872141761,0.7639177489177489,0.7909433962264152,0.6074393530997304,0.7631051212938005,noise_hwa_s0.01_seed3
C3,0.01,3,9,0,0.7121490749816222,0.5971761522158742,0.749448051948052,0.791967654986523,0.5753746630727763,0.7318059299191375,noise_hwa_s0.01_seed3
C4,0.01,3,0,0,0.6920969023115249,0.597966937068228,0.7112878787878788,0.7756981132075471,0.5434932614555257,0.7379083557951482,noise_hwa_s0.01_seed3
C4,0.01,3,1,0,0.7121463489340848,0.5950939742151261,0.737987012987013,0.8156657681940701,0.5645929919137467,0.7303396226415094,noise_hwa_s0.01_seed3
C4,0.01,3,2,0,0.711662858368047,0.5922149928853008,0.7397727272727272,0.7771212938005392,0.5700269541778976,0.7597304582210241,noise_hwa_s0.01_seed3
C4,0.01,3,3,0,0.7317584436004247,0.6064978591418513,0.7639502164502165,0.8025552560646899,0.5802371967654986,0.7802911051212938,noise_hwa_s0.01_seed3
C4,0.01,3,4,0,0.7117172465898881,0.6042665088965982,0.7488528138528139,0.7939946091644206,0.5871590296495957,0.7168625336927223,noise_hwa_s0.01_seed3
C4,0.01,3,5,0,0.7216249183206731,0.5997290073382426,0.7309848484848486,0.7848194070080863,0.5916442048517521,0.7790512129380055,noise_hwa_s0.01_seed3
C4,0.01,3,6,0,0.7124391795311606,0.5975397326936552,0.7598160173160173,0.7779191374663073,0.5688948787061994,0.7431266846361186,noise_hwa_s0.01_seed3
C4,0.01,3,7,0,0.7141685555011027,0.5987569696109915,0.7529545454545454,0.7979730458221024,0.5746954177897574,0.7310512129380053,noise_hwa_s0.01_seed3
C4,0.01,3,8,0,0.7144751592746876,0.6009485011843503,0.7665259740259741,0.7920431266846362,0.5614986522911051,0.7378328840970351,noise_hwa_s0.01_seed3
C4,0.01,3,9,0,0.7109710038389283,0.5957747606580774,0.7492640692640693,0.7975202156334231,0.5564097035040431,0.7406900269541781,noise_hwa_s0.01_seed3
C3,0.02,0,0,0,0.7138188863023769,0.5939575568423632,0.7365909090909091,0.7958921832884096,0.5786307277628033,0.7441617250673855,noise_hwa_s0.02_seed0
C3,0.02,0,1,0,0.75524653883852,0.6105302922830231,0.7613311688311688,0.8103827493261455,0.6521940700808626,0.797078167115903,noise_hwa_s0.02_seed0
C3,0.02,0,2,0,0.734876266029568,0.6119980482939769,0.7631277056277057,0.8157304582210243,0.6020916442048518,0.75855525606469,noise_hwa_s0.02_seed0
C3,0.02,0,3,0,0.742328177325819,0.6051261300764776,0.7735822510822512,0.8189433962264151,0.630156334231806,0.7466307277628033,noise_hwa_s0.02_seed0
C3,0.02,0,4,0,0.7222579331046313,0.600883103986381,0.7448376623376624,0.8062210242587601,0.6189002695417791,0.7190727762803235,noise_hwa_s0.02_seed0
C3,0.02,0,5,0,0.7366591623785019,0.6103240519824432,0.7887121212121212,0.7892938005390837,0.6083342318059299,0.7602964959568732,noise_hwa_s0.02_seed0
C3,0.02,0,6,0,0.7356181185167034,0.6010819286638551,0.7666341991341992,0.8098867924528301,0.6049703504043127,0.7609811320754717,noise_hwa_s0.02_seed0
C3,0.02,0,7,0,0.7148299334313484,0.5889768911988376,0.7425865800865801,0.7759568733153638,0.5891320754716981,0.7516442048517519,noise_hwa_s0.02_seed0
C3,0.02,0,8,0,0.7080025320591359,0.5772793905862426,0.734112554112554,0.7818652291105123,0.5899191374663073,0.7261132075471698,noise_hwa_s0.02_seed0
C3,0.02,0,9,0,0.716202217593727,0.5848432186813518,0.7629220779220779,0.7830512129380054,0.5652614555256065,0.7535741239892182,noise_hwa_s0.02_seed0
C4,0.02,0,0,0,0.7132381667075063,0.5948612418696827,0.7610281385281386,0.7927439353099731,0.5918382749326145,0.7073423180592993,noise_hwa_s0.02_seed0
C4,0.02,0,1,0,0.7502512456097361,0.6069938461075501,0.7691774891774892,0.7974123989218329,0.6430296495956873,0.7913854447439352,noise_hwa_s0.02_seed0
C4,0.02,0,2,0,0.7147357163276974,0.5975863221518634,0.7570021645021645,0.7939191374663074,0.6067169811320754,0.7013045822102426,noise_hwa_s0.02_seed0
C4,0.02,0,3,0,0.7451375377766887,0.6048578779710855,0.7800757575757575,0.806921832884097,0.6234501347708895,0.7701024258760107,noise_hwa_s0.02_seed0
C4,0.02,0,4,0,0.7221267663154456,0.5981966064389104,0.7600865800865801,0.7790296495956873,0.599644204851752,0.7497466307277628,noise_hwa_s0.02_seed0
C4,0.02,0,5,0,0.7408579902801602,0.6077372354557062,0.7723268398268397,0.7766145552560648,0.6216495956873316,0.7928409703504042,noise_hwa_s0.02_seed0
C4,0.02,0,6,0,0.7430806889651229,0.5930933143321425,0.745530303030303,0.7926469002695418,0.6682048517520215,0.7659407008086253,noise_hwa_s0.02_seed0
C4,0.02,0,7,0,0.7452634158294534,0.6093091863449361,0.802077922077922,0.7699622641509434,0.6096603773584905,0.7993530997304582,noise_hwa_s0.02_seed0
C4,0.02,0,8,0,0.7221982153067059,0.5931280280461015,0.7443939393939394,0.7723018867924529,0.619989218328841,0.7521078167115902,noise_hwa_s0.02_seed0
C4,0.02,0,9,0,0.7240340500694274,0.5902473808878973,0.7475216450216449,0.7948679245283019,0.6140808625336928,0.7396657681940702,noise_hwa_s0.02_seed0
C3,0.02,1,0,0,0.6887623437882873,0.5926393492307097,0.7452272727272726,0.7595148247978438,0.5288517520215633,0.721455525606469,noise_hwa_s0.02_seed1
C3,0.02,1,1,0,0.6868627481009557,0.5969210655283148,0.7402272727272727,0.7622102425876011,0.5477304582210243,0.6972830188679244,noise_hwa_s0.02_seed1
C3,0.02,1,2,0,0.7158501184350241,0.6030491107700641,0.7325541125541126,0.7767654986522912,0.6056603773584905,0.7484204851752022,noise_hwa_s0.02_seed1
C3,0.02,1,3,0,0.7114013007432819,0.600752363326842,0.7482359307359308,0.7838598382749327,0.6124851752021563,0.7010242587601079,noise_hwa_s0.02_seed1
C3,0.02,1,4,0,0.7346855345911949,0.6108064973755143,0.780952380952381,0.8001940700808626,0.5856819407008085,0.7719137466307276,noise_hwa_s0.02_seed1
C3,0.02,1,5,0,0.6856540063709874,0.5923649711757955,0.7275324675324676,0.7647978436657681,0.5286792452830189,0.7216064690026953,noise_hwa_s0.02_seed1
C3,0.02,1,6,0,0.6953713244302867,0.5885889681321658,0.7250324675324675,0.7607870619946092,0.5579838274932615,0.7376819407008085,noise_hwa_s0.02_seed1
C3,0.02,1,7,0,0.6955932675814752,0.59854454962449,0.7431493506493507,0.7653800539083558,0.5595471698113208,0.7142964959568734,noise_hwa_s0.02_seed1
C3,0.02,1,8,0,0.709892316017316,0.5984463732229373,0.7629978354978355,0.7674177897574124,0.5938975741239892,0.7152560646900268,noise_hwa_s0.02_seed1
C3,0.02,1,9,0,0.702672067712162,0.597463319533826,0.7438203463203463,0.7668787061994609,0.5693800539083558,0.7306091644204851,noise_hwa_s0.02_seed1
C4,0.02,1,0,0,0.70820025728988,0.5952177828791533,0.7894155844155843,0.7608625336927224,0.556,0.726522911051213,noise_hwa_s0.02_seed1
C4,0.02,1,1,0,0.7047553602058318,0.6034418163762751,0.7463961038961038,0.7776603773584905,0.5654555256064691,0.7295094339622642,noise_hwa_s0.02_seed1
C4,0.02,1,2,0,0.7167752287021155,0.6070576312135398,0.7731709956709957,0.7881509433962264,0.5676334231805931,0.7381455525606468,noise_hwa_s0.02_seed1
C4,0.02,1,3,0,0.7154418545291187,0.6055625233753337,0.7712229437229438,0.7753423180592992,0.539277628032345,0.7759245283018869,noise_hwa_s0.02_seed1
C4,0.02,1,4,0,0.7247491117373193,0.6067917435097177,0.7426298701298701,0.7830512129380054,0.5732830188679245,0.8000323450134771,noise_hwa_s0.02_seed1
C4,0.02,1,5,0,0.7203669035367148,0.598631602591384,0.7432034632034632,0.7966469002695418,0.5790619946091644,0.7625552560646901,noise_hwa_s0.02_seed1
C4,0.02,1,6,0,0.7090788613901822,0.5947404961804168,0.7807359307359307,0.7644312668463612,0.510156334231806,0.7809919137466308,noise_hwa_s0.02_seed1
C4,0.02,1,7,0,0.720862809360451,0.6090034799692197,0.7574350649350651,0.8093800539083558,0.5693261455525607,0.7473099730458221,noise_hwa_s0.02_seed1
C4,0.02,1,8,0,0.7037556154537288,0.5967096127970011,0.7438095238095239,0.7793746630727765,0.5696280323450135,0.722210242587601,noise_hwa_s0.02_seed1
C4,0.02,1,9,0,0.7067454565874377,0.5958213501162857,0.7430411255411256,0.7917735849056604,0.5594393530997304,0.7327277628032345,noise_hwa_s0.02_seed1
C3,0.02,2,0,0,0.3853677815894797,0.521408688960824,0.5298484848484848,0.4855741239892183,0.3196657681940701,0.20638274932614553,noise_hwa_s0.02_seed2
C3,0.02,2,1,0,0.3855288328024177,0.5192389743655881,0.5405627705627706,0.44766576819407006,0.3390619946091644,0.21482479784366573,noise_hwa_s0.02_seed2
C3,0.02,2,2,0,0.3726546802254349,0.5169528129930314,0.5311038961038961,0.44423719676549867,0.3281509433962264,0.1871266846361186,noise_hwa_s0.02_seed2
C3,0.02,2,3,0,0.39765791676876583,0.5228353366262999,0.534534632034632,0.5092614555256064,0.3266846361185984,0.22015094339622643,noise_hwa_s0.02_seed2
C3,0.02,2,4,0,0.3858413379073756,0.5182258282928591,0.5346753246753246,0.48255525606468996,0.31260377358490565,0.2135309973045822,noise_hwa_s0.02_seed2
C3,0.02,2,5,0,0.38340268929184024,0.520296291758556,0.5268506493506493,0.4850458221024259,0.3119460916442049,0.20976819407008085,noise_hwa_s0.02_seed2
C3,0.02,2,6,0,0.37881584374744753,0.5194920190699734,0.5276515151515151,0.46905660377358493,0.3221024258760108,0.19645283018867926,noise_hwa_s0.02_seed2
C3,0.02,2,7,0,0.380794004737401,0.5197368421052632,0.5330735930735931,0.45592452830188684,0.32564959568733154,0.20852830188679244,noise_hwa_s0.02_seed2
C3,0.02,2,8,0,0.3771571306052438,0.5171293908011882,0.5522727272727272,0.4629541778975741,0.2945876010781671,0.19881401617250674,noise_hwa_s0.02_seed2
C3,0.02,2,9,0,0.37737528587764435,0.5219690521329052,0.5492316017316017,0.48603773584905663,0.29847978436657685,0.17575202156334233,noise_hwa_s0.02_seed2
C4,0.02,2,0,0,0.3893838315772278,0.5206067269374121,0.5554329004329005,0.4704905660377358,0.32333153638814016,0.20828032345013475,noise_hwa_s0.02_seed2
C4,0.02,2,1,0,0.4016175671812464,0.521820847143588,0.5574783549783551,0.49295956873315366,0.34126145552560644,0.21477088948787065,noise_hwa_s0.02_seed2
C4,0.02,2,2,0,0.38022903904271826,0.519432317930332,0.5599242424242423,0.44950943396226417,0.29732614555256065,0.21415633423180594,noise_hwa_s0.02_seed2
C4,0.02,2,3,0,0.39462289675733075,0.5219447632804137,0.5345562770562771,0.4935741239892184,0.319978436657682,0.23038274932614555,noise_hwa_s0.02_seed2
C4,0.02,2,4,0,0.403609654496447,0.5229907960295249,0.5633766233766233,0.48347169811320756,0.34,0.22759029649595686,noise_hwa_s0.02_seed2
C4,0.02,2,5,0,0.39450996487788936,0.5225297377233823,0.5605627705627705,0.4753530997304582,0.3080754716981132,0.23404851752021563,noise_hwa_s0.02_seed2
C4,0.02,2,6,0,0.39002318671894143,0.52046835570917,0.5245779220779221,0.47859838274932615,0.32944474393531,0.22747169811320755,noise_hwa_s0.02_seed2
C4,0.02,2,7,0,0.3996730070244221,0.5192054965888133,0.5419588744588745,0.49405929919137465,0.3433638814016172,0.21930997304582212,noise_hwa_s0.02_seed2
C4,0.02,2,8,0,0.36298604304500537,0.5142679275375402,0.5194913419913421,0.42473315363881403,0.3140700808625337,0.19364959568733153,noise_hwa_s0.02_seed2
C4,0.02,2,9,0,0.3983430838029894,0.5220333208664887,0.546525974025974,0.47849056603773577,0.3350835579514825,0.2332722371967655,noise_hwa_s0.02_seed2
C3,0.02,3,0,0,0.7309237625581965,0.6159605166432376,0.7649025974025974,0.7934016172506738,0.5896172506738544,0.7757735849056604,noise_hwa_s0.02_seed3
C3,0.02,3,1,0,0.7494165645675079,0.6153036966343819,0.772987012987013,0.7978760107816711,0.6490134770889489,0.777789757412399,noise_hwa_s0.02_seed3
C3,0.02,3,2,0,0.7286747937596993,0.6085946534432135,0.7324242424242424,0.8184797843665768,0.6097035040431267,0.7540916442048518,noise_hwa_s0.02_seed3
C3,0.02,3,3,0,0.7260252593318631,0.6124706599259728,0.7724891774891774,0.7976388140161725,0.6042048517520215,0.729768194070081,noise_hwa_s0.02_seed3
C3,0.02,3,4,0,0.7319341562525525,0.6032220882394665,0.7502056277056277,0.7931752021563343,0.6372614555256064,0.7470943396226415,noise_hwa_s0.02_seed3
C3,0.02,3,5,0,0.7343519051703014,0.6061670578676537,0.7730194805194806,0.7812830188679246,0.601099730458221,0.7820053908355795,noise_hwa_s0.02_seed3
C3,0.02,3,6,0,0.7236770195213591,0.610310456673416,0.7604978354978355,0.7887547169811321,0.6249919137466308,0.7204636118598382,noise_hwa_s0.02_seed3
C3,0.02,3,7,0,0.735404200359389,0.6200155190721228,0.7541666666666667,0.7859191374663074,0.6267493261455526,0.7747816711590295,noise_hwa_s0.02_seed3
C3,0.02,3,8,0,0.7452832536959896,0.6133621467906474,0.7859632034632034,0.7903827493261456,0.6426199460916443,0.7621671159029649,noise_hwa_s0.02_seed3
C3,0.02,3,9,0,0.7136878420321817,0.5947896649857921,0.7433982683982685,0.7772614555256065,0.5579191374663073,0.7761725067385445,noise_hwa_s0.02_seed3
C4,0.02,3,0,0,0.7305279241199052,0.6110923750198825,0.7881709956709956,0.7822318059299191,0.6206145552560647,0.7310943396226415,noise_hwa_s0.02_seed3
C4,0.02,3,1,0,0.751195530098832,0.6150061044549624,0.7672619047619048,0.8115471698113207,0.6252183288409703,0.800754716981132,noise_hwa_s0.02_seed3
C4,0.02,3,2,0,0.7522422608837702,0.6136112687378825,0.771082251082251,0.8151159029649594,0.6489703504043126,0.7738005390835578,noise_hwa_s0.02_seed3
C4,0.02,3,3,0,0.7265826901086336,0.610643568612784,0.7833658008658009,0.8030080862533693,0.623266846361186,0.696690026954178,noise_hwa_s0.02_seed3
C4,0.02,3,4,0,0.7314999489504207,0.6066442370935916,0.7699458874458874,0.7988140161725067,0.5511374663072777,0.8061024258760109,noise_hwa_s0.02_seed3
C4,0.02,3,5,0,0.7262822939638978,0.6018851803608507,0.7192316017316017,0.7906307277628033,0.6136172506738544,0.7816495956873315,noise_hwa_s0.02_seed3
C4,0.02,3,6,0,0.7163050008167933,0.612089024018021,0.7718722943722944,0.8318382749326145,0.5774123989218329,0.6840970350404312,noise_hwa_s0.02_seed3
C4,0.02,3,7,0,0.7399966511475946,0.6170598559004716,0.8107359307359308,0.8173477088948788,0.5781455525606469,0.7537574123989218,noise_hwa_s0.02_seed3
C4,0.02,3,8,0,0.721377123662501,0.6114005532699675,0.7426082251082252,0.7869649595687331,0.5952560646900269,0.7606792452830189,noise_hwa_s0.02_seed3
C4,0.02,3,9,0,0.7282654271828801,0.5948568892213381,0.7670670995670995,0.7507277628032346,0.6642695417789757,0.7309973045822102,noise_hwa_s0.02_seed3
C3,0.03,0,0,0,0.7357205750224619,0.6199027801063551,0.7780952380952382,0.7742533692722371,0.649088948787062,0.7414447439353101,noise_hwa_s0.03_seed0
C3,0.03,0,1,0,0.7111640835579515,0.6158999557212069,0.7567857142857143,0.7760754716981133,0.641487870619946,0.6703072776280323,noise_hwa_s0.03_seed0
C3,0.03,0,2,0,0.7215578289634894,0.6200343805482833,0.7570129870129871,0.7979191374663074,0.5927654986522911,0.738533692722372,noise_hwa_s0.03_seed0
C3,0.03,0,3,0,0.7298236032835089,0.6160265049415993,0.761590909090909,0.8199892183288409,0.6102210242587601,0.7274932614555256,noise_hwa_s0.03_seed0
C3,0.03,0,4,0,0.7293387241689128,0.6077563118774638,0.7761904761904762,0.7529380053908356,0.6212614555256064,0.7669649595687331,noise_hwa_s0.03_seed0
C3,0.03,0,5,0,0.7331383545699584,0.6111720661000701,0.7380844155844157,0.8103396226415095,0.6168625336927224,0.7672668463611859,noise_hwa_s0.03_seed0
C3,0.03,0,6,0,0.7091155456179041,0.6069343599135059,0.7567640692640693,0.784743935309973,0.559611859838275,0.7353423180592992,noise_hwa_s0.03_seed0
C3,0.03,0,7,0,0.7378900187862452,0.6250585189388566,0.7634199134199133,0.7890350404312667,0.6224582210242589,0.7766469002695418,noise_hwa_s0.03_seed0
C3,0.03,0,8,0,0.7425350404312668,0.6257206588512447,0.7614285714285716,0.820743935309973,0.6310835579514824,0.7568840970350404,noise_hwa_s0.03_seed0
C3,0.03,0,9,0,0.7043947868169566,0.6047701801673997,0.7470454545454546,0.7757088948787062,0.5728517520215634,0.7219730458221024,noise_hwa_s0.03_seed0
C4,0.03,0,0,0,0.7208456567017887,0.6014363202173529,0.7363961038961039,0.7859838274932613,0.6114932614555256,0.7495094339622642,noise_hwa_s0.03_seed0
C4,0.03,0,1,0,0.709331475128645,0.5977166329202079,0.7827922077922079,0.7616280323450133,0.5978221024258761,0.6950835579514825,noise_hwa_s0.03_seed0
C4,0.03,0,2,0,0.7297996099812137,0.609530150418929,0.7333008658008657,0.7867708894878707,0.6555579514824798,0.7435687331536388,noise_hwa_s0.03_seed0
C4,0.03,0,3,0,0.7576409989381688,0.6162876101058822,0.7794588744588745,0.8141347708894879,0.652388140161725,0.7845822102425876,noise_hwa_s0.03_seed0
C4,0.03,0,4,0,0.7558134954667974,0.6341006353791855,0.7737337662337662,0.8359784366576821,0.5959784366576819,0.8175633423180593,noise_hwa_s0.03_seed0
C4,0.03,0,5,0,0.7278535898064199,0.6016149937450831,0.7162337662337662,0.7772722371967654,0.6202156334231805,0.7976927223719676,noise_hwa_s0.03_seed0
C4,0.03,0,6,0,0.7278609511557623,0.5955321408151597,0.7497510822510823,0.7807762803234501,0.6121617250673854,0.768754716981132,noise_hwa_s0.03_seed0
C4,0.03,0,7,0,0.7208491689128481,0.5998092895188227,0.7601190476190476,0.7879245283018868,0.571288409703504,0.7640646900269542,noise_hwa_s0.03_seed0
C4,0.03,0,8,0,0.6749301692804052,0.5858024134091662,0.701693722943723,0.7811752021563342,0.5586415094339623,0.6582102425876012,noise_hwa_s0.03_seed0
C4,0.03,0,9,0,0.7162910234419668,0.6060854322770907,0.7427705627705629,0.7516549865229112,0.6148787061994608,0.7558598382749326,noise_hwa_s0.03_seed0
C3,0.03,1,0,0,0.720507483868333,0.6012626441747594,0.7422186147186147,0.7843935309973045,0.6233962264150943,0.732021563342318,noise_hwa_s0.03_seed1
C3,0.03,1,1,0,0.7126910785755125,0.6011559236857151,0.7554004329004328,0.7904797843665768,0.5675902964959568,0.7372938005390836,noise_hwa_s0.03_seed1
C3,0.03,1,2,0,0.6944715653843012,0.5938741579506227,0.7341450216450217,0.76033423180593,0.5370242587601077,0.7463827493261456,noise_hwa_s0.03_seed1
C3,0.03,1,3,0,0.7194182798333741,0.6056771968514769,0.7462337662337662,0.7972506738544474,0.62433423180593,0.7098544474393531,noise_hwa_s0.03_seed1
C3,0.03,1,4,0,0.711510240545618,0.5983366972319306,0.7637121212121212,0.7819946091644204,0.5521617250673855,0.7481725067385445,noise_hwa_s0.03_seed1
C3,0.03,1,5,0,0.7142856938658826,0.5977761728506514,0.7028354978354979,0.7969164420485176,0.5867169811320755,0.7706738544474394,noise_hwa_s0.03_seed1
C3,0.03,1,6,0,0.7223066446132483,0.5919725342515809,0.7564718614718614,0.7825121293800539,0.6023719676549866,0.7478706199460916,noise_hwa_s0.03_seed1
C3,0.03,1,7,0,0.7262872457730949,0.601180964847797,0.7473376623376623,0.7862425876010781,0.6331859838274932,0.7383827493261456,noise_hwa_s0.03_seed1
C3,0.03,1,8,0,0.6939309911786327,0.5943919618944444,0.7097077922077921,0.7801078167115904,0.5566361185983828,0.7292722371967655,noise_hwa_s0.03_seed1
C3,0.03,1,9,0,0.6995948909580985,0.5935440015132171,0.7405844155844155,0.7795040431266846,0.5616927223719677,0.7165983827493261,noise_hwa_s0.03_seed1
C4,0.03,1,0,0,0.6983631462876745,0.5937536809433532,0.724935064935065,0.789509433962264,0.5485606469002695,0.7304474393530997,noise_hwa_s0.03_seed1
C4,0.03,1,1,0,0.7250958506901903,0.6109547023648315,0.7358874458874458,0.80144474393531,0.5855417789757412,0.777509433962264,noise_hwa_s0.03_seed1
C4,0.03,1,2,0,0.7213209384954667,0.5975568208686381,0.7687662337662338,0.815299191374663,0.6166469002695418,0.6845714285714285,noise_hwa_s0.03_seed1
C4,0.03,1,3,0,0.7135491505349996,0.6034520800285448,0.7392424242424241,0.7971105121293801,0.5747601078167116,0.7430835579514824,noise_hwa_s0.03_seed1
C4,0.03,1,4,0,0.7008090235236462,0.5967928504795437,0.7747077922077922,0.7971752021563342,0.5464905660377358,0.6848625336927224,noise_hwa_s0.03_seed1
C4,0.03,1,5,0,0.7217001960303847,0.6045918290580654,0.7707792207792208,0.7925390835579514,0.5794609164420486,0.7440215633423182,noise_hwa_s0.03_seed1
C4,0.03,1,6,0,0.6899435595850689,0.5878343478765524,0.733030303030303,0.7889487870619946,0.5638382749326145,0.6739568733153638,noise_hwa_s0.03_seed1
C4,0.03,1,7,0,0.6940212162051784,0.5968205247251921,0.7710606060606061,0.769832884097035,0.5990512129380055,0.6361401617250674,noise_hwa_s0.03_seed1
C4,0.03,1,8,0,0.7135066364453158,0.5958361813624972,0.7398917748917748,0.7902533692722371,0.6125283018867925,0.7113530997304582,noise_hwa_s0.03_seed1
C4,0.03,1,9,0,0.704790063709875,0.5962897165727354,0.7146103896103896,0.7790619946091646,0.5943288409703504,0.7311590296495957,noise_hwa_s0.03_seed1
C3,0.03,2,0,0,0.703401362002777,0.593133186740436,0.7483008658008659,0.7760862533692723,0.5822318059299192,0.7069865229110512,noise_hwa_s0.03_seed2
C3,0.03,2,1,0,0.7204710957281713,0.6065292949354518,0.7650757575757575,0.8073530997304583,0.6603881401617252,0.649067385444744,noise_hwa_s0.03_seed2
C3,0.03,2,2,0,0.7087976496773667,0.5929675174213407,0.7312229437229437,0.7613261455525606,0.6256388140161725,0.7170026954177898,noise_hwa_s0.03_seed2
C3,0.03,2,3,0,0.7051941415502736,0.5774297450315325,0.7629329004329005,0.7805822102425877,0.5524528301886793,0.7248086253369272,noise_hwa_s0.03_seed2
C3,0.03,2,4,0,0.6969124499714123,0.5958465524875654,0.7386255411255411,0.786587601078167,0.5597735849056604,0.7026630727762803,noise_hwa_s0.03_seed2
C3,0.03,2,5,0,0.6903329453565302,0.5901325462025561,0.712922077922078,0.7712991913746632,0.5797735849056603,0.6973369272237196,noise_hwa_s0.03_seed2
C3,0.03,2,6,0,0.7080625561545374,0.5891315982924721,0.7405952380952382,0.7896280323450136,0.565088948787062,0.7369380053908356,noise_hwa_s0.03_seed2
C3,0.03,2,7,0,0.7090203279424978,0.5943768619662364,0.7558333333333334,0.7632345013477089,0.5817142857142856,0.735299191374663,noise_hwa_s0.03_seed2
C3,0.03,2,8,0,0.7106733235318142,0.5940987223633699,0.7594372294372296,0.7880646900269543,0.5879029649595688,0.707288409703504,noise_hwa_s0.03_seed2
C3,0.03,2,9,0,0.6958964918729069,0.5884611292381898,0.7217099567099567,0.7558814016172508,0.5933584905660377,0.7126361185983827,noise_hwa_s0.03_seed2
C4,0.03,2,0,0,0.6959635199705955,0.5887479204013464,0.7156168831168832,0.771644204851752,0.5940161725067385,0.7025768194070081,noise_hwa_s0.03_seed2
C4,0.03,2,1,0,0.7258153026219064,0.6001350395714844,0.7299350649350649,0.7955148247978436,0.6719029649595688,0.7059083557951483,noise_hwa_s0.03_seed2
C4,0.03,2,2,0,0.7160457608429307,0.5990573560831753,0.7713636363636363,0.7918167115902965,0.5723018867924529,0.728700808625337,noise_hwa_s0.03_seed2
C4,0.03,2,3,0,0.7234961814914644,0.600491580580955,0.7459523809523809,0.8444097035040431,0.5658005390835579,0.7378221024258761,noise_hwa_s0.03_seed2
C4,0.03,2,4,0,0.7086609491137792,0.5886255088837016,0.7377489177489177,0.7783288409703504,0.6173045822102425,0.7012614555256065,noise_hwa_s0.03_seed2
C4,0.03,2,5,0,0.7046255819652045,0.5828348207568664,0.7345454545454545,0.7546415094339622,0.5913207547169811,0.7379946091644205,noise_hwa_s0.03_seed2
C4,0.03,2,6,0,0.6744879931389366,0.5911902934867185,0.7344155844155846,0.7410134770889487,0.5819730458221024,0.6405498652291105,noise_hwa_s0.03_seed2
C4,0.03,2,7,0,0.7130396451033244,0.5907022595081185,0.7477380952380952,0.793056603773585,0.5931644204851753,0.718199460916442,noise_hwa_s0.03_seed2
C4,0.03,2,8,0,0.7207860205831904,0.6038036772892781,0.7731818181818181,0.8121940700808626,0.6099191374663073,0.6878490566037736,noise_hwa_s0.03_seed2
C4,0.03,2,9,0,0.6942841011190067,0.5931000313820571,0.7325757575757575,0.7804204851752021,0.5320970350404313,0.7320431266846361,noise_hwa_s0.03_seed2
C3,0.03,3,0,0,0.7362186045086989,0.595486303666542,0.7860064935064937,0.7659946091644205,0.6040107816711591,0.7888625336927223,noise_hwa_s0.03_seed3
C3,0.03,3,1,0,0.6852363799722291,0.5641907620681206,0.7534199134199134,0.7620700808625337,0.49760646900269545,0.7278490566037736,noise_hwa_s0.03_seed3
C3,0.03,3,2,0,0.7494176366086743,0.6005944857856477,0.7541233766233766,0.7544366576819407,0.6528840970350405,0.8362264150943397,noise_hwa_s0.03_seed3
C3,0.03,3,3,0,0.7468941435922568,0.5858616309212139,0.7163636363636363,0.7969811320754717,0.6489703504043127,0.8252614555256065,noise_hwa_s0.03_seed3
C3,0.03,3,4,0,0.7351681368945521,0.580202059608713,0.7896536796536797,0.7698975741239892,0.5607008086253369,0.8204204851752022,noise_hwa_s0.03_seed3
C3,0.03,3,5,0,0.7403894674507883,0.5962279197135205,0.7671212121212122,0.747956873315364,0.631309973045822,0.8151698113207547,noise_hwa_s0.03_seed3
C3,0.03,3,6,0,0.7203512415257698,0.6057763942446167,0.7437445887445888,0.7936172506738544,0.5434932614555256,0.8005498652291105,noise_hwa_s0.03_seed3
C3,0.03,3,7,0,0.7273087478559176,0.5971961958928196,0.7472727272727272,0.7686684636118598,0.6226846361185984,0.7706091644204852,noise_hwa_s0.03_seed3
C3,0.03,3,8,0,0.715041799395573,0.5891997897832058,0.7185930735930736,0.7750835579514825,0.6004743935309973,0.7660161725067386,noise_hwa_s0.03_seed3
C3,0.03,3,9,0,0.7461203953279425,0.5895553098010893,0.7219047619047619,0.7807115902964961,0.6437735849056603,0.8380916442048518,noise_hwa_s0.03_seed3
C4,0.03,3,0,0,0.7356631850853549,0.5981837634394735,0.7129761904761904,0.8295094339622642,0.6152452830188678,0.784921832884097,noise_hwa_s0.03_seed3
C4,0.03,3,1,0,0.677819509107245,0.5556035779844122,0.7401082251082252,0.6674932614555257,0.5708894878706199,0.7327870619946091,noise_hwa_s0.03_seed3
C4,0.03,3,2,0,0.712409162378502,0.5979797263312656,0.7451406926406926,0.7900161725067386,0.5784258760107817,0.7360539083557952,noise_hwa_s0.03_seed3
C4,0.03,3,3,0,0.7064152781181083,0.5834918557113196,0.7287662337662337,0.7873099730458222,0.5296280323450134,0.7799568733153639,noise_hwa_s0.03_seed3
C4,0.03,3,4,0,0.7297762445887446,0.5760941805628995,0.7413906926406927,0.7837304582210242,0.6505444743935309,0.7434393530997305,noise_hwa_s0.03_seed3
C4,0.03,3,5,0,0.7449541064281631,0.5977837496829553,0.7970670995670996,0.8051212938005391,0.6686361185983827,0.7089919137466306,noise_hwa_s0.03_seed3
C4,0.03,3,6,0,0.7271599077023605,0.5968240175911477,0.6837878787878788,0.7863072776280322,0.6478706199460916,0.7906738544474395,noise_hwa_s0.03_seed3
C4,0.03,3,7,0,0.7156873213264723,0.5925525112094129,0.7371320346320347,0.8132938005390835,0.5655202156334231,0.7468032345013478,noise_hwa_s0.03_seed3
C4,0.03,3,8,0,0.7398569794984889,0.6034024813319749,0.714112554112554,0.8181024258760109,0.6164959568733154,0.8107169811320754,noise_hwa_s0.03_seed3
C4,0.03,3,9,0,0.7326815323041738,0.5868967551812636,0.6624242424242425,0.7364097035040431,0.6688194070080862,0.8630727762803234,noise_hwa_s0.03_seed3
C3,0.05,0,0,0,0.7516478497917178,0.6024195888520615,0.802435064935065,0.7760431266846363,0.6132884097035041,0.8148247978436658,noise_hwa_s0.05_seed0
C3,0.05,0,1,0,0.7253343543249203,0.5973073765030071,0.7915584415584417,0.7945768194070082,0.5858544474393531,0.7293477088948787,noise_hwa_s0.05_seed0
C3,0.05,0,2,0,0.7291429898717635,0.6038728360351995,0.7458549783549784,0.7933153638814016,0.5554393530997305,0.8219622641509434,noise_hwa_s0.05_seed0
C3,0.05,0,3,0,0.7468002940455771,0.602173798561584,0.7540259740259739,0.8203450134770889,0.619622641509434,0.7932075471698113,noise_hwa_s0.05_seed0
C3,0.05,0,4,0,0.7442755452095076,0.5995698401234648,0.6835064935064935,0.8331644204851754,0.6358921832884097,0.8245390835579515,noise_hwa_s0.05_seed0
C3,0.05,0,5,0,0.6881618169566284,0.558386102477463,0.7486688311688312,0.7161725067385445,0.6284743935309973,0.6593315363881402,noise_hwa_s0.05_seed0
C3,0.05,0,6,0,0.6942304378011924,0.5577999458337095,0.6956926406926407,0.7209272237196764,0.5676765498652291,0.7926253369272237,noise_hwa_s0.05_seed0
C3,0.05,0,7,0,0.7204032304173814,0.5939408985585748,0.7074242424242424,0.7896172506738545,0.5776064690026954,0.806964959568733,noise_hwa_s0.05_seed0
C3,0.05,0,8,0,0.7257271706281139,0.5912558518938857,0.7679437229437229,0.8242587601078166,0.5568625336927223,0.753843665768194,noise_hwa_s0.05_seed0
C3,0.05,0,9,0,0.7814726884750469,0.6279021954543305,0.7581926406926407,0.8402911051212938,0.7193099730458221,0.8080970350404312,noise_hwa_s0.05_seed0
C4,0.05,0,0,0,0.7446934574859103,0.5849434908024779,0.7807792207792207,0.7886792452830188,0.687579514824798,0.7217358490566038,noise_hwa_s0.05_seed0
C4,0.05,0,1,0,0.7047071285632607,0.5866891177343014,0.7209848484848486,0.8070404312668463,0.554188679245283,0.7366145552560647,noise_hwa_s0.05_seed0
C4,0.05,0,2,0,0.7105142326227232,0.6001888297072011,0.7193722943722944,0.792733153638814,0.5506091644204851,0.7793423180592991,noise_hwa_s0.05_seed0
C4,0.05,0,3,0,0.7454200461488196,0.6122830124195566,0.7509632034632034,0.7899299191374664,0.6373153638814015,0.8034716981132075,noise_hwa_s0.05_seed0
C4,0.05,0,4,0,0.7279502266601322,0.5733686166531251,0.7558116883116882,0.7603126684636119,0.609412398921833,0.7862641509433961,noise_hwa_s0.05_seed0
C4,0.05,0,5,0,0.7669887588826267,0.582962767123641,0.7880844155844154,0.8288733153638814,0.6636765498652292,0.7873207547169812,noise_hwa_s0.05_seed0
C4,0.05,0,6,0,0.6959041697296415,0.5650441498256791,0.7155627705627707,0.7888517520215634,0.5492830188679245,0.7299191374663072,noise_hwa_s0.05_seed0
C4,0.05,0,7,0,0.7260400841297068,0.6122088024520993,0.7596320346320347,0.7550943396226415,0.5305013477088949,0.858932614555256,noise_hwa_s0.05_seed0
C4,0.05,0,8,0,0.7357288756840643,0.5844284274150213,0.7268939393939392,0.8142210242587601,0.6084420485175202,0.7933584905660378,noise_hwa_s0.05_seed0
C4,0.05,0,9,0,0.7313887731765091,0.6045057970827583,0.7063852813852813,0.7617574123989219,0.6184474393530996,0.8389649595687332,noise_hwa_s0.05_seed0
C3,0.05,1,0,0,0.7308851282365433,0.6059997764565789,0.6925216450216449,0.8278274932614555,0.6404851752021564,0.7627061994609164,noise_hwa_s0.05_seed1
C3,0.05,1,1,0,0.6843911725067385,0.5849453178400547,0.7589285714285714,0.7393530997304583,0.5860161725067385,0.6532668463611859,noise_hwa_s0.05_seed1
C3,0.05,1,2,0,0.6896085926651965,0.5822255574614066,0.8193939393939393,0.7738975741239893,0.44881940700808626,0.716323450134771,noise_hwa_s0.05_seed1
C3,0.05,1,3,0,0.7483466317487545,0.6126386399102388,0.7145725108225108,0.8068571428571429,0.6630943396226416,0.8088625336927223,noise_hwa_s0.05_seed1
C3,0.05,1,4,0,0.703154047210651,0.5986189745375445,0.7147186147186146,0.7850242587601078,0.5810673854447439,0.7318059299191375,noise_hwa_s0.05_seed1
C3,0.05,1,5,0,0.7162647635383486,0.6129594999505625,0.814935064935065,0.8128409703504044,0.5221239892183288,0.7151590296495958,noise_hwa_s0.05_seed1
C3,0.05,1,6,0,0.6773422976394674,0.5795697971343453,0.6942640692640694,0.7034716981132076,0.5595363881401617,0.7520970350404312,noise_hwa_s0.05_seed1
C3,0.05,1,7,0,0.7141062954341257,0.6174972164545154,0.7041017316017316,0.7714824797843667,0.5304690026954177,0.8503719676549866,noise_hwa_s0.05_seed1
C3,0.05,1,8,0,0.7287646103896104,0.6099907250974779,0.7647727272727273,0.7645390835579515,0.5998382749326145,0.7859083557951482,noise_hwa_s0.05_seed1
C3,0.05,1,9,0,0.6978365698766642,0.5874908648121161,0.6696212121212121,0.818490566037736,0.6015525606469002,0.7016819407008086,noise_hwa_s0.05_seed1
C4,0.05,1,0,0,0.7104623356203545,0.5822884290486078,0.7300757575757577,0.7328840970350404,0.6022857142857143,0.7766037735849056,noise_hwa_s0.05_seed1
C4,0.05,1,1,0,0.6945606673201012,0.5966228822485029,0.7400216450216449,0.7388355795148248,0.557832884097035,0.7415525606469002,noise_hwa_s0.05_seed1
C4,0.05,1,2,0,0.6737813036020583,0.5774991187230512,0.7481818181818183,0.7449595687331535,0.6420053908355795,0.5599784366576819,noise_hwa_s0.05_seed1
C4,0.05,1,3,0,0.6859587927795474,0.5883714431877293,0.742034632034632,0.749768194070081,0.578943396226415,0.6730889487870619,noise_hwa_s0.05_seed1
C4,0.05,1,4,0,0.6880932471616434,0.5870274421044034,0.7531277056277057,0.7989541778975741,0.553455525606469,0.6468355795148247,noise_hwa_s0.05_seed1
C4,0.05,1,5,0,0.6921447561872089,0.5969849043707037,0.7448701298701299,0.8103935309973047,0.5628894878706199,0.6504258760107816,noise_hwa_s0.05_seed1
C4,0.05,1,6,0,0.7411776014865639,0.6176250553484913,0.7596861471861472,0.840743935309973,0.6094663072776281,0.7548140161725068,noise_hwa_s0.05_seed1
C4,0.05,1,7,0,0.7264632034632035,0.5977079276235184,0.7909956709956709,0.6855094339622642,0.6932075471698113,0.7361401617250674,noise_hwa_s0.05_seed1
C4,0.05,1,8,0,0.7008446765498653,0.6092026270650899,0.7210714285714286,0.8080862533692722,0.5651212938005391,0.7090997304582211,noise_hwa_s0.05_seed1
C4,0.05,1,9,0,0.6555105468430941,0.5860103732745242,0.6383225108225109,0.7933584905660377,0.5428140161725068,0.6475471698113208,noise_hwa_s0.05_seed1
C3,0.05,2,0,0,0.701153720493343,0.5908170941934596,0.7629437229437229,0.7866630727762802,0.6223396226415093,0.6326684636118598,noise_hwa_s0.05_seed2
C3,0.05,2,1,0,0.6598217552887364,0.5747380887897273,0.7053463203463204,0.7402264150943396,0.5324528301886793,0.6612614555256064,noise_hwa_s0.05_seed2
C3,0.05,2,2,0,0.685239596095728,0.591503146803544,0.71254329004329,0.7968409703504042,0.579654986522911,0.6519191374663073,noise_hwa_s0.05_seed2
C3,0.05,2,3,0,0.7060546332598219,0.5957377900153472,0.7579112554112554,0.7569056603773585,0.5968086253369271,0.7125929919137466,noise_hwa_s0.05_seed2
C3,0.05,2,4,0,0.706378073184677,0.5954051079671735,0.7436147186147186,0.7853477088948787,0.5268679245283019,0.7696819407008086,noise_hwa_s0.05_seed2
C3,0.05,2,5,0,0.7221734460508046,0.5927821268436958,0.7695670995670997,0.7873962264150944,0.5740161725067386,0.7577142857142856,noise_hwa_s0.05_seed2
C3,0.05,2,6,0,0.7086387629665931,0.6057768241358112,0.7456601731601732,0.8321078167115904,0.5873746630727763,0.6694123989218329,noise_hwa_s0.05_seed2
C3,0.05,2,7,0,0.6994880033488524,0.5897073300747581,0.7287121212121213,0.7991590296495956,0.5766253369272237,0.693455525606469,noise_hwa_s0.05_seed2
C3,0.05,2,8,0,0.7113071551090419,0.6012000412695546,0.8198701298701299,0.7923126684636119,0.581843665768194,0.6512021563342318,noise_hwa_s0.05_seed2
C3,0.05,2,9,0,0.6867704198317407,0.583970324610841,0.6766450216450217,0.76144474393531,0.6356981132075472,0.6732938005390835,noise_hwa_s0.05_seed2
C4,0.05,2,0,0,0.6525403802172669,0.5704652389980096,0.6756601731601731,0.7446900269541779,0.5729164420485175,0.6168948787061994,noise_hwa_s0.05_seed2
C4,0.05,2,1,0,0.69988679245283,0.5778766169282554,0.7657142857142856,0.7742210242587602,0.5731536388140162,0.6864582210242587,noise_hwa_s0.05_seed2
C4,0.05,2,2,0,0.6377532978028261,0.569336667139547,0.6542099567099567,0.7620646900269541,0.5210566037735849,0.6136819407008086,noise_hwa_s0.05_seed2
C4,0.05,2,3,0,0.7008049701870456,0.6088096527768821,0.638982683982684,0.836409703504043,0.6146522911051213,0.7131752021563341,noise_hwa_s0.05_seed2
C4,0.05,2,4,0,0.7383076349750879,0.6128749725944364,0.7832359307359308,0.7818760107816711,0.5767331536388141,0.8113854447439353,noise_hwa_s0.05_seed2
C4,0.05,2,5,0,0.7257497855917667,0.5942286569769192,0.7376298701298701,0.7985983827493262,0.6061886792452831,0.7605822102425875,noise_hwa_s0.05_seed2
C4,0.05,2,6,0,0.673927815894797,0.5860478812812477,0.6606277056277057,0.7672021563342318,0.5221132075471699,0.7457681940700809,noise_hwa_s0.05_seed2
C4,0.05,2,7,0,0.698500153148738,0.5968699084761647,0.7101623376623376,0.8022425876010781,0.5647870619946092,0.7168086253369272,noise_hwa_s0.05_seed2
C4,0.05,2,8,0,0.7080786367720331,0.5828904379301598,0.7690692640692641,0.7704150943396226,0.5898975741239892,0.7029326145552561,noise_hwa_s0.05_seed2
C4,0.05,2,9,0,0.6640091174548721,0.5736551928706844,0.6810930735930736,0.7800754716981131,0.4988140161725067,0.6960539083557952,noise_hwa_s0.05_seed2
C3,0.05,3,0,0,0.6635594676549865,0.5675036648224334,0.6973214285714285,0.7792991913746631,0.5575094339622642,0.6201078167115903,noise_hwa_s0.05_seed3
C3,0.05,3,1,0,0.5964337274360859,0.5613907195088923,0.5826082251082251,0.7679784366576818,0.47575202156334234,0.5593962264150943,noise_hwa_s0.05_seed3
C3,0.05,3,2,0,0.7035656293392142,0.5862209124870496,0.8195670995670995,0.71311051212938,0.5164312668463611,0.7651536388140161,noise_hwa_s0.05_seed3
C3,0.05,3,3,0,0.7070347239238749,0.5994161002850178,0.6796645021645022,0.8087654986522912,0.6932291105121293,0.6464797843665768,noise_hwa_s0.05_seed3
C3,0.05,3,4,0,0.6891475332843258,0.5639299793222334,0.7249567099567099,0.7378867924528303,0.6228140161725068,0.6709326145552561,noise_hwa_s0.05_seed3
C3,0.05,3,5,0,0.6656317181246426,0.5669993487148404,0.6924783549783551,0.805800539083558,0.48701886792452825,0.6772291105121294,noise_hwa_s0.05_seed3
C3,0.05,3,6,0,0.6691729253450952,0.5620220684644717,0.740443722943723,0.7978867924528302,0.5198167115902965,0.618544474393531,noise_hwa_s0.05_seed3
C3,0.05,3,7,0,0.6845350404312669,0.5860188636256164,0.77,0.7248840970350405,0.5714393530997304,0.6718167115902964,noise_hwa_s0.05_seed3
C3,0.05,3,8,0,0.6402689904435187,0.5546091859150449,0.687987012987013,0.7514932614555256,0.49755256064690023,0.6240431266846361,noise_hwa_s0.05_seed3
C3,0.05,3,9,0,0.6856191088785428,0.570091072449563,0.7391125541125543,0.746576819407008,0.5751159029649595,0.6816711590296496,noise_hwa_s0.05_seed3
C4,0.05,3,0,0,0.6930830780854367,0.578011817708938,0.7480627705627706,0.7876873315363883,0.6112776280323451,0.6253045822102425,noise_hwa_s0.05_seed3
C4,0.05,3,1,0,0.6962133770317732,0.5760260965449645,0.7333225108225108,0.8152291105121293,0.5995579514824798,0.636743935309973,noise_hwa_s0.05_seed3
C4,0.05,3,2,0,0.730397982520624,0.5825429246357747,0.7504329004329005,0.7938760107816711,0.6488625336927224,0.7284204851752022,noise_hwa_s0.05_seed3
C4,0.05,3,3,0,0.678438985542759,0.5599026511389967,0.671038961038961,0.7176172506738545,0.5707816711590297,0.7543180592991914,noise_hwa_s0.05_seed3
C4,0.05,3,4,0,0.695174038225925,0.571774633840175,0.7244805194805195,0.7240970350404313,0.587299191374663,0.7448194070080862,noise_hwa_s0.05_seed3
C4,0.05,3,5,0,0.6807372988646574,0.5634517791047086,0.7472510822510823,0.6944690026954178,0.565035040431267,0.7161940700808626,noise_hwa_s0.05_seed3
C4,0.05,3,6,0,0.686874683492608,0.5571642979661848,0.6928787878787879,0.6918490566037736,0.6583827493261456,0.7043881401617251,noise_hwa_s0.05_seed3
C4,0.05,3,7,0,0.6734003001715266,0.5684741979305037,0.7157467532467532,0.787245283018868,0.5946199460916443,0.595989218328841,noise_hwa_s0.05_seed3
C4,0.05,3,8,0,0.6803581842685615,0.5768072625818405,0.7225324675324675,0.7938975741239893,0.514177897574124,0.6908247978436657,noise_hwa_s0.05_seed3
C4,0.05,3,9,0,0.7018647288246345,0.5904043986467026,0.7451839826839827,0.7940808625336927,0.5673207547169812,0.7008733153638814,noise_hwa_s0.05_seed3
C3,0.1,0,0,0,0.6924603548966757,0.6065259632786941,0.719404761904762,0.8031266846361186,0.6358921832884097,0.6114177897574125,noise_hwa_s0.1_seed0
C3,0.1,0,1,0,0.6538638609817855,0.5326794150900408,0.7128354978354978,0.6093261455525606,0.686598382749326,0.6066954177897574,noise_hwa_s0.1_seed0
C3,0.1,0,2,0,0.7089264426611125,0.5932103253416561,0.746314935064935,0.8175202156334231,0.4894986522911051,0.7823719676549866,noise_hwa_s0.1_seed0
C3,0.1,0,3,0,0.6883700277709712,0.5896197934802702,0.6379437229437229,0.7498005390835581,0.5772506738544474,0.7884851752021563,noise_hwa_s0.1_seed0
C3,0.1,0,4,0,0.702756534346157,0.5953138098247334,0.7333549783549783,0.7667277628032345,0.7112021563342317,0.5997412398921833,noise_hwa_s0.1_seed0
C3,0.1,0,5,0,0.6913983704974271,0.5770490226423692,0.7794155844155843,0.8480107816711591,0.6314609164420485,0.5067061994609164,noise_hwa_s0.1_seed0
C3,0.1,0,6,0,0.5943113820142122,0.5342078394958236,0.6500649350649351,0.5987061994609164,0.5504366576819407,0.5780377358490566,noise_hwa_s0.1_seed0
C3,0.1,0,7,0,0.5951635118026628,0.5310325019237632,0.530465367965368,0.7385660377358492,0.6065983827493261,0.5050242587601079,noise_hwa_s0.1_seed0
C3,0.1,0,8,0,0.6095894082332762,0.5619291044936526,0.6990584415584415,0.6026522911051213,0.40598382749326145,0.7306630727762804,noise_hwa_s0.1_seed0
C3,0.1,0,9,0,0.6285288838519971,0.5461964839199198,0.6634740259740259,0.6432668463611859,0.5828679245283018,0.6245067385444745,noise_hwa_s0.1_seed0
C4,0.1,0,0,0,0.6348261455525606,0.5565567004991037,0.7214285714285714,0.6910835579514825,0.4756549865229111,0.6511374663072775,noise_hwa_s0.1_seed0
C4,0.1,0,1,0,0.6794754451523319,0.5643534221488542,0.7154004329004329,0.7657358490566037,0.5216388140161725,0.7151266846361186,noise_hwa_s0.1_seed0
C4,0.1,0,2,0,0.7212411480029404,0.5907935576505586,0.7841883116883117,0.6834716981132074,0.5838814016172506,0.8334231805929919,noise_hwa_s0.1_seed0
C4,0.1,0,3,0,0.6350918484031691,0.5550101669267509,0.7430735930735931,0.6081293800539084,0.5277735849056604,0.6613908355795148,noise_hwa_s0.1_seed0
C4,0.1,0,4,0,0.566540849873397,0.5568588065360658,0.5733008658008658,0.7667601078167117,0.23853369272237196,0.6875687331536389,noise_hwa_s0.1_seed0
C4,0.1,0,5,0,0.7258794413134035,0.6120630693371507,0.7322077922077922,0.8380053908355795,0.5364420485175202,0.7968625336927224,noise_hwa_s0.1_seed0
C4,0.1,0,6,0,0.6397375132728906,0.5627685207873887,0.6274783549783549,0.7722264150943396,0.4773369272237197,0.6819083557951482,noise_hwa_s0.1_seed0
C4,0.1,0,7,0,0.6514539736992567,0.5787538636471109,0.5926406926406926,0.8033962264150944,0.6294770889487871,0.5803018867924528,noise_hwa_s0.1_seed0
C4,0.1,0,8,0,0.6183895695499468,0.5531420747408831,0.5900865800865801,0.7487762803234501,0.5770566037735849,0.5576388140161725,noise_hwa_s0.1_seed0
C4,0.1,0,9,0,0.6580480274442538,0.5870501726013146,0.6023376623376623,0.8965390835579516,0.5103935309973046,0.622921832884097,noise_hwa_s0.1_seed0
C3,0.1,1,0,0,0.658911520869068,0.5617057222816905,0.6233549783549783,0.7140377358490566,0.5190619946091644,0.7791913746630729,noise_hwa_s0.1_seed1
C3,0.1,1,1,0,0.5598281364861553,0.5073055709599901,0.6749675324675324,0.6789649595687332,0.31708894878706195,0.5682911051212938,noise_hwa_s0.1_seed1
C3,0.1,1,2,0,0.6569510842930655,0.5394545003159701,0.7710064935064935,0.6733045822102426,0.4426522911051213,0.7408409703504044,noise_hwa_s0.1_seed1
C3,0.1,1,3,0,0.6412453851180266,0.5690962504890013,0.5172510822510823,0.6867277628032346,0.5839137466307277,0.7770889487870619,noise_hwa_s0.1_seed1
C3,0.1,1,4,0,0.6213368047047293,0.5360169291152409,0.4970129870129871,0.6612938005390836,0.5511051212938005,0.7759353099730458,noise_hwa_s0.1_seed1
C3,0.1,1,5,0,0.6854290615045331,0.5934099291969203,0.7376623376623376,0.6063611859838275,0.6629110512129379,0.7347816711590297,noise_hwa_s0.1_seed1
C3,0.1,1,6,0,0.6667489585885812,0.566580366009363,0.7281818181818183,0.692021563342318,0.6064582210242588,0.6403342318059299,noise_hwa_s0.1_seed1
C3,0.1,1,7,0,0.6810463223883035,0.5665507572533391,0.6948160173160174,0.7027385444743937,0.5489380053908356,0.7776927223719676,noise_hwa_s0.1_seed1
C3,0.1,1,8,0,0.5909773646165155,0.5288136185231518,0.6217207792207792,0.590501347708895,0.3602264150943396,0.7914609164420484,noise_hwa_s0.1_seed1
C3,0.1,1,9,0,0.6025954627133872,0.5423240240395156,0.594047619047619,0.6656172506738544,0.5017358490566037,0.6489811320754717,noise_hwa_s0.1_seed1
C4,0.1,1,0,0,0.670826594788859,0.5617065283276803,0.6733333333333333,0.7016388140161726,0.644010781671159,0.6643234501347709,noise_hwa_s0.1_seed1
C4,0.1,1,1,0,0.6227476006697704,0.5269000653434616,0.7353138528138529,0.5298760107816711,0.5233423180592991,0.7024582210242588,noise_hwa_s0.1_seed1
C4,0.1,1,2,0,0.7446800722862044,0.5719775424839972,0.849448051948052,0.7620700808625337,0.5534231805929919,0.8137789757412399,noise_hwa_s0.1_seed1
C4,0.1,1,3,0,0.6933191517601895,0.6146984098324714,0.715443722943723,0.8476334231805931,0.3858760107816712,0.8243234501347709,noise_hwa_s0.1_seed1
C4,0.1,1,4,0,0.6497978130360206,0.5804760077724328,0.6342532467532468,0.7324959568733155,0.35074932614555254,0.8816927223719676,noise_hwa_s0.1_seed1
C4,0.1,1,5,0,0.5653792166952545,0.5219838296427175,0.5248268398268399,0.584377358490566,0.49154716981132074,0.6607654986522911,noise_hwa_s0.1_seed1
C4,0.1,1,6,0,0.7267793841378747,0.6058862851812207,0.7547186147186147,0.7066846361185984,0.6381994609164422,0.8075148247978436,noise_hwa_s0.1_seed1
C4,0.1,1,7,0,0.6073764498080536,0.5412041574777424,0.7390367965367965,0.5970242587601078,0.4818652291105121,0.6115795148247978,noise_hwa_s0.1_seed1
C4,0.1,1,8,0,0.6850225843339051,0.5845522898154478,0.6725108225108225,0.7719784366576821,0.5507061994609165,0.7448948787061994,noise_hwa_s0.1_seed1
C4,0.1,1,9,0,0.6633669341664624,0.5913553717054214,0.4946645021645022,0.8520862533692721,0.6061239892183288,0.7005929919137467,noise_hwa_s0.1_seed1
C3,0.1,2,0,0,0.6843823102997632,0.5555641354673132,0.7081060606060605,0.7682911051212937,0.5589973045822103,0.702134770889488,noise_hwa_s0.1_seed2
C3,0.1,2,1,0,0.5575489259168505,0.5148198003585293,0.4961471861471861,0.6725606469002696,0.4987061994609163,0.5627816711590297,noise_hwa_s0.1_seed2
C3,0.1,2,2,0,0.6470167442620273,0.5538477948731175,0.5863203463203464,0.7730673854447438,0.4973800539083558,0.7312991913746631,noise_hwa_s0.1_seed2
C3,0.1,2,3,0,0.7074720962999265,0.586514796854916,0.5847077922077922,0.7394447439353099,0.650587601078167,0.8551482479784366,noise_hwa_s0.1_seed2
C3,0.1,2,4,0,0.5989869006779384,0.5215396445659604,0.6461147186147185,0.6283557951482479,0.442199460916442,0.679277628032345,noise_hwa_s0.1_seed2
C3,0.1,2,5,0,0.7016186698521604,0.5427120545789861,0.6957900432900432,0.7385983827493262,0.640409703504043,0.7316765498652292,noise_hwa_s0.1_seed2
C3,0.1,2,6,0,0.6025821591930083,0.5246265320247445,0.705660173160173,0.6677304582210244,0.49483557951482476,0.5421024258760108,noise_hwa_s0.1_seed2
C3,0.1,2,7,0,0.5899196683819325,0.5232803814854461,0.5262770562770562,0.6430619946091645,0.4140053908355795,0.77633423180593,noise_hwa_s0.1_seed2
C3,0.1,2,8,0,0.7179181573143837,0.573840207293534,0.6732467532467531,0.8387924528301887,0.5646792452830189,0.794954177897574,noise_hwa_s0.1_seed2
C3,0.1,2,9,0,0.6215358368047047,0.5330546026300743,0.5708441558441559,0.6893584905660377,0.49915902964959563,0.7267816711590297,noise_hwa_s0.1_seed2
C4,0.1,2,0,0,0.662428602058319,0.5736318712733808,0.7571753246753246,0.7846253369272237,0.6030835579514825,0.5048301886792453,noise_hwa_s0.1_seed2
C4,0.1,2,1,0,0.6099561688311688,0.5176010889143958,0.6163961038961039,0.7404743935309972,0.6132938005390836,0.46966037735849053,noise_hwa_s0.1_seed2
C4,0.1,2,2,0,0.6870803928775627,0.5400863866355425,0.6823593073593075,0.8044851752021565,0.6727331536388139,0.588743935309973,noise_hwa_s0.1_seed2
C4,0.1,2,3,0,0.6431486767949033,0.525034713713959,0.7204545454545455,0.6112776280323451,0.5849703504043127,0.6558921832884097,noise_hwa_s0.1_seed2
C4,0.1,2,4,0,0.6104613350485992,0.509008262508759,0.6061580086580086,0.7420485175202157,0.5744043126684635,0.5192345013477089,noise_hwa_s0.1_seed2
C4,0.1,2,5,0,0.636648217348689,0.5413465589359333,0.7156818181818182,0.6076765498652292,0.5514609164420485,0.6717735849056603,noise_hwa_s0.1_seed2
C4,0.1,2,6,0,0.5805105264232623,0.5165717681854722,0.43544372294372297,0.6854878706199461,0.5270188679245282,0.6740916442048518,noise_hwa_s0.1_seed2
C4,0.1,2,7,0,0.6728148125459446,0.564375077917779,0.6522727272727272,0.7892075471698113,0.5871913746630728,0.6625876010781672,noise_hwa_s0.1_seed2
C4,0.1,2,8,0,0.6415642305807401,0.5540673618007282,0.4237987012987013,0.7289919137466307,0.6186415094339622,0.7948247978436658,noise_hwa_s0.1_seed2
C4,0.1,2,9,0,0.721348066241934,0.5609854933216403,0.7060930735930736,0.7860700808625336,0.6537250673854447,0.7395040431266846,noise_hwa_s0.1_seed2
C3,0.1,3,0,0,0.6430493649432328,0.5789899813857113,0.7523268398268398,0.8136495956873315,0.41122371967654986,0.5949973045822101,noise_hwa_s0.1_seed3
C3,0.1,3,1,0,0.5902573715592583,0.5218227279175641,0.58995670995671,0.6508247978436658,0.44211320754716976,0.6781347708894879,noise_hwa_s0.1_seed3
C3,0.1,3,2,0,0.6589458057665605,0.5571697253425159,0.6611255411255411,0.6932291105121294,0.5065121293800539,0.7749164420485175,noise_hwa_s0.1_seed3
C3,0.1,3,3,0,0.6234441721800212,0.552987958747641,0.6936796536796537,0.5885606469002695,0.461121293800539,0.7504150943396226,noise_hwa_s0.1_seed3
C3,0.1,3,4,0,0.6665449542595769,0.562617843923703,0.580508658008658,0.7409272237196767,0.578167115902965,0.7665768194070081,noise_hwa_s0.1_seed3
C3,0.1,3,5,0,0.6675637302948625,0.5576451850036757,0.6632683982683983,0.7899083557951483,0.5287762803234501,0.6883018867924529,noise_hwa_s0.1_seed3
C3,0.1,3,6,0,0.6238654537286613,0.5442746015983355,0.6459523809523811,0.5485498652291105,0.6657897574123989,0.6351698113207548,noise_hwa_s0.1_seed3
C3,0.1,3,7,0,0.6506545985461081,0.5623798991475257,0.7395887445887446,0.8334986522911051,0.4287547169811321,0.6007762803234502,noise_hwa_s0.1_seed3
C3,0.1,3,8,0,0.5916762537776689,0.5072547363262359,0.60254329004329,0.5712560646900269,0.6204743935309973,0.5724312668463613,noise_hwa_s0.1_seed3
C3,0.1,3,9,0,0.7012020440251572,0.5684157327280466,0.7998809523809524,0.8004312668463612,0.4536711590296496,0.7508247978436657,noise_hwa_s0.1_seed3
C4,0.1,3,0,0,0.5899617842848975,0.5183113229041729,0.6852056277056278,0.6129487870619946,0.36635040431266847,0.6953423180592994,noise_hwa_s0.1_seed3
C4,0.1,3,1,0,0.672392081189251,0.5894057076653899,0.8613203463203464,0.6810781671159031,0.425088948787062,0.7220808625336927,noise_hwa_s0.1_seed3
C4,0.1,3,2,0,0.5401937842032181,0.5421344957591234,0.4939826839826839,0.6604959568733153,0.3731644204851752,0.633132075471698,noise_hwa_s0.1_seed3
C4,0.1,3,3,0,0.7053584088867108,0.6045876376189188,0.7284848484848485,0.7504043126684636,0.6783180592991913,0.6642264150943396,noise_hwa_s0.1_seed3
C4,0.1,3,4,0,0.6314795903781752,0.5573560831753483,0.6997943722943724,0.7077412398921832,0.43040431266846363,0.687978436657682,noise_hwa_s0.1_seed3
C4,0.1,3,5,0,0.685299119905252,0.5652013825300817,0.8399242424242426,0.7350943396226415,0.6000970350404312,0.5660808625336927,noise_hwa_s0.1_seed3
C4,0.1,3,6,0,0.737428132402189,0.6179172201515797,0.7823917748917749,0.8082911051212938,0.5249380053908356,0.8340916442048516,noise_hwa_s0.1_seed3
C4,0.1,3,7,0,0.6996523625745323,0.5781669009573677,0.5972186147186148,0.851633423180593,0.6893261455525607,0.6604312668463612,noise_hwa_s0.1_seed3
C4,0.1,3,8,0,0.6762001245609736,0.538396806768207,0.6635606060606061,0.6550080862533694,0.6921725067385445,0.6940592991913747,noise_hwa_s0.1_seed3
C4,0.1,3,9,0,0.6306694846034469,0.5316424637924141,0.6382251082251083,0.7076873315363881,0.5945552560646901,0.5822102425876011,noise_hwa_s0.1_seed3
